ch1,ch2,ch3,ch4,freq
9223.6328125,106975.5859375,56835.44921875,19522.4609375,0.0
6783.689952135165,295079.5256653768,16178.168071914868,4216.75605579455,0.21548821548821548
9466.140692519633,62867.09152309102,9102.828252565088,8806.23022040268,0.43097643097643096
2502.057007646165,117321.39348405262,9249.96948626872,3368.1957451821263,0.6464646464646464
9414.046960833028,34596.688466647676,8324.15530646061,5879.666533510211,0.8619528619528619
8881.81057313715,127392.94352650184,3681.077579770313,6016.990707769616,1.0774410774410774
3743.9430630175534,128449.27723036212,6264.784261594985,8200.120435538422,1.2929292929292928
6089.648299893859,69428.0813701045,1909.5745922059693,4432.776549751525,1.5084175084175084
9936.297596025963,92427.59023184587,3786.202736801781,8653.692858726423,1.7239057239057238
6151.475780151125,60089.407310380004,2386.36124474677,3507.9858317968724,1.9393939393939392
3023.7901323690007,36302.148527256606,5915.502026645006,2544.6580024617856,2.154882154882155
4706.38198376667,41037.77335161418,5504.824682753679,4377.712605686036,2.3703703703703702
2580.342444940925,16630.702331934055,2171.7882270578802,1036.9105467996278,2.5858585858585856
3083.7985082382,45100.06391132942,6147.826345552436,5584.843687001305,2.801346801346801
2148.814523616971,55209.844205961635,3367.2713157917733,1899.5180250280328,3.016835016835017
4742.699649467268,25670.45505440202,2846.4236259619242,3944.0706204886815,3.2323232323232323
2111.6054801390487,18645.486271765458,1492.8404805473904,2110.5218835788346,3.4478114478114477
2709.524159236997,19580.661329017472,563.9522747345162,2407.3901287089675,3.663299663299663
3577.7052323973685,24267.975287736503,4162.798736948374,1979.6362724618507,3.8787878787878785
4570.517598926452,55241.85421604114,2886.4395717381553,4799.122849554993,4.094276094276094
6064.91345870904,17574.420897115302,1385.4168674049274,6583.292884134657,4.30976430976431
3490.115181389562,20747.30033322902,3581.738213027917,840.9539489598861,4.525252525252525
3379.4827982751412,5389.025324166629,1269.3314518857533,4747.06537665285,4.7407407407407405
592.7144715548711,18930.04569648997,2593.163346585302,1846.0408342592789,4.956228956228956
5332.276263938647,17915.481159060975,2053.46961031717,4068.033088276965,5.171717171717171
2400.011887169799,12386.748801419639,2190.0370928242005,2013.5954283576211,5.387205387205387
4370.710765101291,26109.858457767496,316.54172421634456,3163.053592127232,5.602693602693602
1194.593769463956,15743.088576600187,2973.710535988783,1461.5491514928995,5.818181818181818
2618.0831147878002,18642.399547324385,2645.2986787854625,2930.4407604777934,6.033670033670034
1728.8012896458254,18245.93737849583,1630.8645497694345,744.2360581476296,6.249158249158249
3820.8811116370484,12607.732744714738,3130.4038817766145,3524.8486124890333,6.4646464646464645
1127.0175015982868,25429.151310317302,1919.147591633282,1727.6858843275872,6.68013468013468
2492.032806281286,3768.7574343068886,2792.562026134983,1760.138534622791,6.895622895622895
641.1501225650401,10064.20824989206,1032.2823077614141,420.89033744009646,7.111111111111111
2207.3958446305437,1865.561911164021,1107.056154201869,2283.9713583742096,7.326599326599326
4160.437133555483,8432.313574676366,2352.366868114257,2674.497685293459,7.5420875420875415
2408.6689101784436,4047.057881104481,1937.0268031175258,672.3854261679074,7.757575757575757
1589.3570248873623,3766.2490067169206,1282.1861782152903,2212.5782784881003,7.973063973063972
1659.1333249913168,12469.752147810126,1506.0902410562726,592.8937215370864,8.188552188552189
1600.0298373497365,10821.390268146824,763.4580521419124,1425.2943139013303,8.404040404040403
2181.490587732306,20152.096567529985,1764.190450623464,1113.2736825893853,8.61952861952862
2336.5864423210196,6036.020207398877,1042.360226012252,1646.2626835228743,8.835016835016834
2192.0664841369457,10995.524755058326,1375.5016689162103,1222.332252156756,9.05050505050505
577.6345054385301,13326.030357782975,1855.3083424559663,160.9077390816001,9.265993265993266
450.23692062887676,9995.504219770231,2477.0276684759115,621.4436956643257,9.481481481481481
1259.2624790006778,18329.333078579253,2280.833398761535,1428.2778512777845,9.696969696969697
3946.0589028480977,5263.814800374575,1847.76270998553,1845.2941612279576,9.912457912457912
1554.1031537141866,6653.966734649399,971.005935738493,3117.5469226816563,10.127946127946128
592.511378770046,4900.234526832614,1305.2364900115099,410.1327183908313,10.343434343434343
1620.3921071273437,12918.907826067587,1575.218307348775,1216.2873809405846,10.558922558922559
809.18790027355,9660.304356206872,1928.1140474547115,575.1992374154769,10.774410774410773
584.793087303698,3900.1894334303324,2643.464148690886,692.5990126789267,10.98989898989899
4246.421725813426,9687.537942347708,1374.734139717449,1441.2559886475806,11.205387205387204
622.0543548827369,2910.4078644421506,34.112175135947616,363.7737726134374,11.42087542087542
1912.5379245618865,9173.051238770877,2923.8846189154237,648.2040287707782,11.636363636363637
893.6198764370622,9058.517539735949,671.9776701095785,346.57703278882155,11.851851851851851
1650.6665710579553,13513.378807419178,1301.3160044157376,1252.5993636415508,12.067340067340067
990.4261092499586,4616.281392931339,2264.1241808859604,763.5124415505142,12.282828282828282
1596.323460408667,11705.802794965835,612.9084812931303,604.4582163770299,12.498316498316498
934.2047838065741,3804.0202289716926,1244.447788820174,529.8173181806592,12.713804713804713
2235.290288541022,1473.1967033528913,1191.259445340272,595.598264537917,12.929292929292929
1241.3216680311061,5072.3235084479875,2493.0345819021136,1245.233775229639,13.144781144781144
1489.794263193052,6916.324197357736,903.9151564683143,682.2964270808523,13.36026936026936
1950.9635516420565,6844.101232063436,1216.0637315311608,966.7722267098626,13.575757575757574
2613.2417899028587,10043.425770560198,1430.474545860201,1191.1095258637233,13.79124579124579
2091.738017323375,5605.655820834129,1662.6144384702038,426.86471675807667,14.006734006734007
976.0004911865141,8576.325558508946,1608.5192372458066,523.7893512449103,14.222222222222221
1525.3218287056927,4400.078344446024,694.4537121444561,244.44777700933997,14.437710437710438
705.2157733438792,2053.5109915394314,2393.752839604983,858.20758721676,14.653198653198652
491.64623982999893,4125.3620226744815,729.1960036119065,822.6376880934445,14.868686868686869
1451.1926649192023,4612.148038251328,697.9041104213308,317.67603914883114,15.084175084175083
2181.527493964477,3774.7324018649565,2165.077513185493,396.6319674830598,15.2996632996633
1490.583368811084,4279.560276457445,157.00178842139482,325.6650130087781,15.515151515151514
1535.8065452772305,805.8463181940707,1055.9427007298689,193.03786445473258,15.73063973063973
1828.1870559127524,4839.050812827312,772.6592775105665,898.0689331456052,15.946127946127945
522.3529155887362,8003.604290365457,2533.49831369153,256.30363690439,16.161616161616163
1321.5608206211778,6798.981846415796,915.2673561296865,1138.0762957213208,16.377104377104377
962.4020018663026,6062.316398741589,717.2284126328176,115.31691201898069,16.59259259259259
1224.658282671228,7326.201402155633,1415.1791769737813,572.9029601314314,16.808080808080806
133.05165929823283,2620.2560376876904,1423.5121494940881,498.21057555410636,17.023569023569024
1549.8308603622443,2702.2796811369276,2000.5545769125192,334.9430724104041,17.23905723905724
1237.6338886291812,2207.2667006084066,1397.8296439026255,294.6200125539039,17.454545454545453
1194.3204091016833,14773.762423632748,1243.3703640275246,907.4944690924971,17.670033670033668
1211.813032697515,4721.98799350828,1613.0678036441993,476.685505262532,17.885521885521886
832.5473064066623,2868.0056799320832,1176.3063169232055,356.269306316459,18.1010101010101
888.451248353545,8584.790901504322,927.3965781175327,357.55798165283824,18.316498316498315
1318.2715868065256,980.64793376584,1032.1518765916408,277.18458727068065,18.531986531986533
728.9551267033322,2584.5009768776667,1003.1661518512245,602.9780629582075,18.747474747474747
2521.65023418396,1616.8456547008923,1488.0021059467617,774.3732535166403,18.962962962962962
1363.1902007004192,3879.600077108443,1127.8388702606571,632.5708770666702,19.178451178451176
1621.8617214411718,4196.175624720899,1267.6878380304024,409.8826869870757,19.393939393939394
2187.22926229658,2196.5553143703164,1068.2824379181247,1053.8740364076025,19.60942760942761
1940.5258935236538,9164.447301851973,843.2749269948338,452.4531073935481,19.824915824915823
978.5176939744481,8872.042869461931,1654.5558729014301,271.78044087895256,20.040404040404038
67.12591565879512,4853.664049419658,1167.6674207581307,268.6897540961385,20.255892255892256
1415.4083939841375,7424.456817704024,615.6581614870585,556.4367889225991,20.47138047138047
758.340929196378,2301.891997731281,1207.20852863188,323.49925745617537,20.686868686868685
828.9372677156853,9739.716550816383,1331.149915699698,827.4992147312245,20.902356902356903
2416.5834290047837,5987.4057263116365,816.3945059849444,721.2659173218544,21.117845117845118
6168.368603476244,77469.33040555932,5468.944055641484,7735.581504335432,21.333333333333332
100.39671295987202,7816.515344816346,1847.131154007554,526.7557248220776,21.548821548821547
3241.7891105172766,11499.000846492589,741.5003224710412,324.8131672901562,21.764309764309765
1552.0263500731205,6807.43143627334,979.8507280074401,577.1395732150752,21.97979797979798
1518.4822377267417,4922.369453428132,687.4928414907887,511.3866332628874,22.195286195286194
408.54876797850574,1582.1840765746408,2254.7349891992994,383.1479240403632,22.41077441077441
1480.37873024992,11209.567523952688,967.4885245684326,189.0860723073558,22.626262626262626
1095.7109447031385,13453.678730396947,1121.288386863049,470.6582149944715,22.84175084175084
1105.7842061501015,3672.7158576191127,1616.2788642891055,990.4116860574193,23.057239057239055
332.3308406289729,7892.138950630741,258.7004069373837,772.4505797303963,23.272727272727273
1182.2604916368134,7709.913119507033,1446.8101588259105,755.3586417905726,23.488215488215488
1946.806323558538,4042.686439201501,754.0830556334523,923.8309987227312,23.703703703703702
1239.3982151695216,20084.962395579943,1105.0960879923434,3272.789795723688,23.919191919191917
1487.2965924617808,10921.525491637674,1202.8259060731918,1995.628906425475,24.134680134680135
844.9686730079305,6241.051881986628,1293.1866127678443,1131.609278481748,24.35016835016835
255.9276341102284,3487.4271027432487,553.1362004429602,802.9763569583296,24.565656565656564
1749.3867359122532,6771.28522735464,804.462902487788,742.7097860851474,24.78114478114478
474.29726137019446,5451.59704543096,801.959727853779,339.2058692811793,24.996632996632997
933.9998436720082,6819.5924723627095,1145.5675520185516,417.0449174105463,25.21212121212121
603.9025925789917,1781.2882803233585,809.9325075188735,583.4741388796323,25.427609427609426
1152.4373644068194,2293.945958997481,709.6456384756644,166.64305672428839,25.643097643097644
1178.2347156981293,6367.039948239894,978.3289593589418,731.837096627747,25.858585858585858
478.2417464900902,3762.1113705096896,1177.6489553244664,387.2233897366501,26.074074074074073
2673.8271380743704,1966.1329029908518,593.7371388243704,643.5549800489266,26.289562289562287
2546.6402992185067,2753.7259343712667,1081.729426533439,190.21539940980927,26.505050505050505
1133.3144490663387,7387.53232661244,979.1149961126938,671.138915474681,26.72053872053872
1521.4833260763241,2155.179369261855,1359.3115139495276,441.87553810312363,26.936026936026934
400.51351010087694,1608.3567790850286,516.5741139244759,190.53111363462676,27.15151515151515
22.701108131598236,3428.111419682585,1418.1115535824129,241.19170617457445,27.367003367003367
806.4901129924058,2161.8517509841654,1054.7416459442472,502.9085909723862,27.58249158249158
937.726322162593,2784.316147025586,816.5647265289502,327.2029248631749,27.797979797979796
1520.0244572705262,2181.438634697516,1444.3053315910734,631.0014081329356,28.013468013468014
2206.2558412045655,3974.477324954448,1074.1745983941025,84.22811944801187,28.22895622895623
814.2757168733789,1671.05186127247,1584.033054217482,321.70380603265767,28.444444444444443
961.9811278769026,1283.1878103233464,950.6678052272924,143.8916451776929,28.659932659932657
1143.6761028394599,4697.995157981498,1055.150649415551,869.3492171550242,28.875420875420875
1469.6257810215118,4100.41847717031,1442.3816295843803,697.4682068416773,29.09090909090909
1011.7259193508122,5451.674329747995,663.880263603174,1136.9638746756589,29.306397306397304
743.7828146065677,3808.0037742828604,1545.498879381657,604.5398517790318,29.52188552188552
1653.4871232558319,3874.5999674056493,1441.9977202307095,793.477028265523,29.737373737373737
839.734321989696,946.9303886081627,1009.2466400068126,410.903001907101,29.95286195286195
1271.2811316713821,3681.516434590458,1954.7573309043783,1226.3728783948743,30.168350168350166
412.30420801922145,3208.8290011879308,1776.8871650049118,1303.751963526065,30.383838383838384
1945.6013271645818,7151.737163741672,1449.6457419712551,1556.9538679735977,30.5993265993266
1553.9375959305146,2819.3250009389435,1373.7846510887623,397.351238245719,30.814814814814813
1954.4803747376898,966.453637570179,441.2950056675189,775.7978824466167,31.030303030303028
1440.1225200836755,5735.068189633678,1003.6463807092451,267.61328103737617,31.245791245791246
847.6443726716158,4115.338522519419,1318.1612585047149,252.6902816924021,31.46127946127946
634.9136387325518,3768.3244401581123,1302.92204031682,527.8155003339938,31.676767676767675
1525.0080425348362,6013.207767558129,1009.1747907015931,251.18470602614477,31.89225589225589
1218.3012416369763,6541.259645734973,1226.4034223648493,687.1993586955089,32.107744107744104
1477.4887592531202,3178.7227470212847,1214.182118290883,852.8064673522491,32.323232323232325
1494.3121155309357,4486.816636697723,785.6968522955697,337.1805650532772,32.53872053872054
2039.3330939532611,2622.5498315157383,971.2571200283727,1154.420194583088,32.754208754208754
469.65606792986506,3358.8986004870458,1071.708724401434,410.1465912665025,32.96969696969697
282.8198732126375,2690.127104264298,1892.0243173329839,105.79500116075063,33.18518518518518
1240.7135660101894,2506.205522113698,965.0686029372462,434.6287328606442,33.4006734006734
939.8870531846162,5830.800335290853,1784.837240280732,655.6158112414633,33.61616161616161
1053.3221125771508,3844.4037780487706,585.191170230885,1234.5893424823241,33.83164983164983
1566.3163570224458,694.78941249776,368.2637699617026,827.7988208802205,34.04713804713805
1005.7147730047899,850.2485397084099,1108.8628558975588,1091.0674916891267,34.26262626262626
873.2886517944162,2755.845490404324,858.0795930903049,550.4966720108529,34.47811447811448
1811.679495970625,12763.556646045103,1090.7086703902717,901.1731873075544,34.69360269360269
508.2517716339694,3106.724933747003,841.6971323677366,433.90783435627236,34.90909090909091
527.9218551998517,9677.151575347296,799.3149161254717,1559.5120034702568,35.12457912457912
681.313324981152,7146.651619477005,1836.1313947891463,987.8108144521527,35.340067340067336
709.4475375408035,1391.0089237913253,894.7649069552182,446.7781385201677,35.55555555555556
539.4767433698622,1938.1926155047918,1101.9230701415229,464.639586938525,35.77104377104377
805.9101477202253,3329.5927071591004,554.9034951370282,203.12893859448852,35.986531986531986
123.77284585754683,6166.719709341915,1490.4714352973754,181.1221811572179,36.2020202020202
417.4353848865245,2176.8384490058625,1249.813475320407,750.9956344524003,36.417508417508415
1225.3052798590875,5265.24292556036,972.384368787577,884.5824158166346,36.63299663299663
416.48923533574253,4515.527579196341,1015.7139323352626,525.7465856453609,36.848484848484844
245.0747350855404,1346.3567506218471,1202.2282374644574,117.78651654980092,37.063973063973066
782.8054534650937,3415.589056956642,1057.4979884914424,999.7988528720176,37.27946127946128
955.3208389018116,2673.894969343333,1305.3036507884656,212.6128633746318,37.494949494949495
539.597222803691,1597.9399749476395,619.2563009413734,508.6554181797874,37.71043771043771
766.8995196615366,528.1568475677012,1208.3013897501944,179.8997920781949,37.925925925925924
777.4515678616383,1442.6664636464666,772.6994422442151,200.6362447287109,38.14141414141414
1061.1616995054596,2342.599815905342,731.9237464598563,647.0900227515087,38.35690235690235
42.79274361923353,1435.4921481466154,265.5734738905492,433.99666817418677,38.57239057239057
1358.0825931574786,1556.374083467148,726.2004897488407,536.0575800028042,38.78787878787879
896.9567607876178,3081.4655532986912,576.8958957983937,96.14483623732973,39.003367003367
505.4269591225502,2413.367560477888,582.3452797255576,675.2732433899663,39.21885521885522
864.8445685533056,3087.84205470498,320.56910829776217,296.18645062535575,39.43434343434343
711.1932768099207,4082.0735873115955,1033.7038657390876,387.1392237977689,39.64983164983165
929.1215815916388,7101.4259800342115,1193.8929931520715,1134.5972225361018,39.86531986531986
934.6946987803972,4597.844738993117,1221.4911886793254,806.6583660361113,40.080808080808076
349.03047160977326,3297.9639928075967,821.4433008464384,279.2181901595627,40.2962962962963
376.9997742203763,4412.525610393316,359.85340422573364,907.2290865650612,40.51178451178451
769.9656574488092,2406.7432928513863,1376.9951514553695,312.7474092639832,40.72727272727273
626.505641464403,2586.048026870727,938.5584857435282,648.7099494009118,40.94276094276094
104.5346311316389,1070.7295320879389,708.1038662338568,367.5161254606256,41.158249158249156
803.5382489106523,3292.161978451452,1237.3785495970271,170.84420138567558,41.37373737373737
1352.3017913222795,7937.397407424605,1312.7861002812183,465.22931021323325,41.589225589225585
162.5021464276786,1905.219484266882,926.1800174642128,333.8544911061582,41.804713804713806
200.5292749399878,1278.2014725399163,451.2423763247682,493.43660697478475,42.02020202020202
704.859479843842,4417.937136830442,1327.977462671734,571.7182057456497,42.235690235690235
749.5451087318263,1325.8514655587965,677.6851822504132,519.0539749872881,42.45117845117845
4442.916921867032,32638.568336770466,3700.0511384986953,4088.6486096174417,42.666666666666664
100.53788472098559,4612.696501773762,1602.8148566801383,667.1617829179194,42.88215488215488
1083.154667133999,561.5760885525528,787.3333015595778,762.3933052034612,43.09764309764309
701.6531089413801,3138.0938842720543,770.0200906863705,424.6302779538403,43.31313131313131
659.4856634719855,5637.392794057526,1248.9397066222934,401.51028880491907,43.52861952861953
106.59975506482202,3195.7618455265742,922.4876436346025,265.1478488247375,43.744107744107744
448.79959445643914,3453.6936994137095,791.0356576287716,1213.4790039454774,43.95959595959596
1477.703307113323,10510.518185869178,789.1129630780146,1043.681589146039,44.17508417508417
672.3967928712293,2047.1901930527008,682.987866891107,506.3666368825219,44.39057239057239
808.8188013332638,4519.800425845616,1383.0978295297227,263.3993580605826,44.6060606060606
448.662783753805,4935.852064706771,1111.7501348668914,277.1407358686348,44.82154882154882
901.2875434862042,9525.350296865281,1054.2634630981,282.77536154789453,45.03703703703704
3285.033116326393,27669.88674162631,3017.196901432154,3743.1323983223947,45.25252525252525
1516.1647059226748,15326.887245415317,744.7362935031887,3028.2367206883323,45.46801346801347
1246.008383363733,12119.94823163795,835.6938761090075,1038.7367786680027,45.68350168350168
528.9494937567483,3258.443869681634,1375.3250130770277,544.6603940369628,45.898989898989896
806.801601514494,3680.3019639588765,1299.1580254092719,948.0946092717319,46.11447811447811
1503.7988461468108,4917.3754843956585,1728.596126646128,944.1318638201928,46.329966329966325
520.5706130955898,3078.3329899191694,907.8955123613592,443.50901057993656,46.54545454545455
412.1771765488805,3002.999793013298,836.883542886937,766.04829774989,46.76094276094276
1080.7537499338796,5078.533140867872,1065.8489641146448,200.17930810754035,46.976430976430976
640.3727045167038,3286.179255510055,1720.3083127212074,443.84821283805826,47.19191919191919
563.5810908795359,2766.3500494020477,927.0485364518745,463.0302503519549,47.407407407407405
476.4313543066136,3879.9787654108322,657.0834692476391,151.759373139827,47.62289562289562
977.186727883656,1198.1611245896952,1147.743268016024,220.09483435166848,47.838383838383834
713.2406071866443,6959.321565900991,1714.6907729913721,912.9299686349793,48.05387205387205
692.1086543293119,1140.0068692944512,468.471410279488,172.65358030258577,48.26936026936027
619.0496686067244,2354.49953438348,1279.7030969141763,145.2164459788769,48.484848484848484
407.9491136661597,5359.407400460775,414.93066552096604,851.154773103542,48.7003367003367
841.1305873566054,4514.82331477383,438.5613743835068,139.72342356775283,48.91582491582491
1603.2600529804338,7613.2642800500935,2146.0014432290423,621.8610221019295,49.13131313131313
421.46491650358826,2739.5220334840424,359.5531315359267,615.8418741111107,49.34680134680134
1789.6444475825936,780.7808932984098,546.1967150560693,277.63016060083015,49.56228956228956
593.2751842747804,1247.4623658432947,842.5286041414313,1168.1862325602647,49.77777777777778
453.4889988941413,1687.1275806534666,833.8053641020048,137.915191090702,49.99326599326599
911.0436592690736,4104.245441859767,1149.7653793378156,596.0310940147359,50.20875420875421
1100.8882248764594,1220.8174835758468,953.3072678051977,183.1066068379946,50.42424242424242
1000.4591320601994,1503.523610085776,1791.4127096486543,1321.6933437470839,50.63973063973064
1529.8059024404508,6100.979916539291,1654.6593562791084,1085.862080999026,50.85521885521885
1109.6840261960108,3615.585434802419,1633.3708929811767,622.4235692545031,51.070707070707066
1273.2210443688277,4709.545696793496,783.8945009657776,516.8090588259344,51.28619528619529
1463.039528116099,2574.7899712208446,869.3836285679191,1017.4262978361741,51.5016835016835
181.64081773095828,2120.6049741434704,1037.2005465554892,589.0143521601641,51.717171717171716
1290.4225233945738,5326.670656323208,704.0703556262257,749.7006981704246,51.93265993265993
1085.7834553153693,1270.2618581897873,1357.2607334136824,773.9664014010681,52.148148148148145
488.3333592051931,2383.8187989620783,1248.0694308370157,172.96820218562016,52.36363636363636
39.82209181960829,1204.2322268873736,637.5646636263386,204.7361604386568,52.579124579124574
1041.1650936298358,11163.322404876653,972.1703981551376,1638.959169444522,52.79461279461279
416.198351606402,447.33248387448043,1098.468477135054,588.5843155729582,53.01010101010101
351.4651036512422,5160.119695688608,940.379382134155,699.9872617193469,53.225589225589225
1173.038291824323,2449.1294647451527,929.1212662543629,622.092314237933,53.44107744107744
1170.6590195800322,1569.654374356354,435.70184328618024,661.6251081127606,53.656565656565654
1406.8161549540432,2765.535441111412,1340.114280278971,561.5621463411086,53.87205387205387
1277.5172924014025,4782.261517637758,1577.558186293077,853.4546886561467,54.08754208754208
746.0880595649976,1008.3803326760534,1415.6887022415613,758.1071409777473,54.3030303030303
34.02315572328687,2630.11960515283,861.1295064047961,1431.3997656769598,54.51851851851852
805.846391580905,2432.302035218961,572.1837958928402,594.688662314381,54.73400673400673
113.9760478143057,3556.502029954817,757.0850240796224,682.0614972601393,54.94949494949495
828.3999976260442,2778.10151067709,810.7741603070865,833.0379064454082,55.16498316498316
1472.110445143684,2549.916951356453,953.2380652395997,98.67986991345875,55.38047138047138
483.75515090846704,843.6043641535185,1143.1865763184803,792.5869239899209,55.59595959595959
619.1390930890884,2625.933910427944,1166.9353711874207,300.9440032210881,55.811447811447806
1034.5954885156928,2324.2968364411763,886.711931019971,1120.3094093175189,56.02693602693603
598.2175291115497,2199.6789097739506,688.8693901138379,352.35192307943896,56.24242424242424
1704.8833548531316,4545.1864367225435,1878.106564660174,673.7305227936608,56.45791245791246
156.60377839109003,2982.934497194516,476.93917224282916,89.93040127311566,56.67340067340067
726.4843899564905,3988.0288268418903,1030.1449988111344,227.39313010413508,56.888888888888886
1723.7635588669632,5200.909261141438,727.8460316209744,43.748579339418654,57.1043771043771
781.308724466865,2056.236957307261,1162.0853875876073,578.120045250711,57.319865319865315
2496.5981276359644,988.2624468847157,1155.659834519398,575.1506837671714,57.535353535353536
534.6811245345841,4137.697166347137,920.9101423569278,593.4343894234585,57.75084175084175
950.5610908263974,3746.1687656491213,1042.1884505418464,644.7151481510516,57.966329966329965
635.5534639986317,2155.9967680974296,69.3978012209968,240.03185342517688,58.18181818181818
1146.499449384409,4543.312356638349,944.7789102612622,718.8236915002342,58.397306397306394
2817.7328805039697,3204.456188983102,922.0171486107449,1748.015582336079,58.61279461279461
1922.2858739190522,2008.6993378774407,319.2617640434751,538.8981166769895,58.82828282828282
3298.9561426856612,2558.2844801948704,1147.8519905983367,1422.2257714033708,59.04377104377104
3292.722839516579,4828.76348767854,620.0595042065994,1263.7395761669165,59.25925925925926
6353.153653181085,5064.893812641459,36.9214372598442,1082.1121172909322,59.474747474747474
10873.671152429399,5754.065336094615,884.978564670483,2836.577106669,59.69023569023569
32356.4408336768,17038.693923193212,2378.221659425005,8218.310089276016,59.9057239057239
13686.411741559084,8755.542365910967,2771.736703674459,4200.6139236757335,60.12121212121212
8013.170088832267,4943.753815912636,1444.0494588048673,2219.8572998878612,60.33670033670033
5886.960920370475,3205.430057830882,1884.2505555044868,1549.4691891723178,60.55218855218855
2529.8483122367134,3492.9403993178285,1164.5948598660705,1417.4158620780875,60.76767676767677
2839.285886391749,1669.1392521470318,827.149787586171,778.7132722258696,60.98316498316498
1541.6084550586897,2707.179692174522,733.2797470131001,889.1659989683761,61.1986531986532
1428.5386034351131,4038.226052178032,1191.7776834591468,552.07404002828,61.41414141414141
2042.1768401896888,2054.7284674149637,1207.6867386331353,1008.7346213931697,61.629629629629626
756.9453437911452,779.029129451246,1178.473551573151,471.1215191998744,61.84511784511784
1556.729398790445,4197.149264939115,1104.609294945492,286.5920764091101,62.060606060606055
957.4348148832121,1452.6335671819884,1171.7118053781287,577.667523964283,62.27609427609428
2170.444459634865,1615.0683254335172,805.1440922354707,924.9178991167789,62.49158249158249
188.9028203071061,1818.8344856462638,1147.3407191773974,620.0118179731262,62.707070707070706
1593.1229170405934,2019.918991812973,955.0124728290529,300.52569796314657,62.92255892255892
1204.87522934337,1630.977142034211,1324.7506118246276,452.88552630765116,63.138047138047135
698.6940080514162,3379.6979367377676,1242.5335728272414,212.94088738270304,63.35353535353535
1829.8137058008326,5231.75812640522,1212.8891534557672,644.0599989176645,63.569023569023564
749.0115862732599,3171.9153638449707,590.840261671115,680.8676298421847,63.78451178451178
1395.6675454747292,11604.170339824612,2106.6687849593477,1085.7846818058085,64.0
1516.1065933285238,6098.181930464496,1189.1725233125585,1358.768603634497,64.21548821548821
1032.4686557871453,563.4245463951904,204.8787279088656,923.6232184001818,64.43097643097643
1123.4357993769063,3714.33127007779,944.8993526863208,460.59391382490674,64.64646464646465
244.03384450848847,792.5235343082836,1256.3324632478823,276.55426918761583,64.86195286195286
973.4678735656752,7297.350198597351,1001.3961243768139,323.6802391329154,65.07744107744108
1254.5526394749268,4489.9396168860485,890.2682640781564,866.6959445752836,65.29292929292929
1335.5782475148137,6934.46206772944,1464.5158501700637,1222.7988695994384,65.50841750841751
1687.9511232485138,1282.4034825784393,951.3455004898116,593.9073972928501,65.72390572390572
330.43746554635266,14581.652611760293,762.191762519861,684.8907336013591,65.93939393939394
916.9026591705359,7352.468699958875,730.4916410289062,567.3773998601602,66.15488215488215
1149.3750133058365,11508.727622037377,2053.261794673214,1308.088622636499,66.37037037037037
10081.697458031704,76229.83368678686,8465.794440463293,11935.191380081083,66.58585858585859
5979.0751130329645,46939.799423153636,4159.053042883638,7728.812290915919,66.8013468013468
2740.4045733332273,22252.073312622768,2290.0880766123155,2796.5120607602867,67.01683501683502
760.9478858040029,7549.513172080162,1637.285883289697,1477.1355326103028,67.23232323232322
856.473688385664,7745.343009210369,1660.393813576505,853.4691021390975,67.44781144781145
965.0338501258394,3314.8666258923517,1041.3470617579055,557.7072782131949,67.66329966329965
1162.3748764385143,6250.685704351287,890.1262743016298,819.3794669175184,67.87878787878788
859.1380788063027,5585.966867728381,573.0973751126953,381.86551972024046,68.0942760942761
533.1235393593139,7015.463917938572,998.3231326775432,381.18179987233816,68.3097643097643
655.570020364838,494.4694229623234,1062.1032117970824,135.12884793924295,68.52525252525253
423.0290573347538,7397.261198919323,672.3163489659204,112.76879113971745,68.74074074074073
524.4412682551762,3356.7055109965627,953.1876753795615,402.0641705138592,68.95622895622895
604.0670452720718,1937.1141831480518,954.9579583343561,642.9216245313424,69.17171717171716
722.0345426429183,1112.8718469629982,900.0653139498005,341.45883448400684,69.38720538720538
658.6977886627644,4789.355939252982,1263.3991551366184,544.559732483556,69.6026936026936
843.586832164701,2297.655346308057,717.1420417120429,56.877582212129525,69.81818181818181
330.3237326647142,3112.023962382087,623.887785436036,427.1551779875912,70.03367003367003
312.02620918885924,3300.6847658348934,1575.7301073853534,310.8704881165991,70.24915824915824
376.6740787425541,7687.670056515156,1368.3533361153009,1173.0754339114471,70.46464646464646
64.629199976569,1611.4415859755338,719.4477114649357,210.08626810543458,70.68013468013467
677.643407141147,607.3376749979358,878.7766621286194,822.5637996106451,70.89562289562289
229.54093698019767,1648.5232022605958,476.56130540978245,593.9032118329704,71.11111111111111
368.61107578487713,5677.633978411338,1130.7805006328078,65.36289056439253,71.32659932659932
950.1560018394928,5535.14966581211,1641.3546406235714,938.6456643437604,71.54208754208754
377.6337667164022,4747.4827539985845,1611.405719867072,849.6538121352298,71.75757575757575
1751.1509082948103,12140.995226251165,2193.1999082235507,1978.7363018032072,71.97306397306397
1212.0109113116373,8993.691579398423,1605.6109842667538,1455.2201292475893,72.18855218855218
2291.3898402356585,7907.786014694725,1825.07748167731,2015.2923916617945,72.4040404040404
1842.1797639983363,8008.908034657045,1698.796515663044,2023.2378876886276,72.61952861952862
1912.798227211014,9857.041192573239,974.8113082131459,2230.5500548752498,72.83501683501683
2300.60227708609,11008.73018001002,1088.6743916629189,2382.1929091512984,73.05050505050505
1638.040709577535,9997.301220638708,11.029068639759016,1792.1920380775423,73.26599326599326
1108.2066987229507,9097.04852120914,550.2772586726201,1379.625877722759,73.48148148148148
583.6926941745954,4841.228915185324,625.2017294993818,442.47933768757923,73.69696969696969
371.33557288415886,6930.481089768162,635.4830510138804,650.8808405562136,73.91245791245791
599.8100404704508,3588.326558570902,1171.7183522370324,304.23097814802105,74.12794612794613
102.76914538444285,4231.493384804722,906.8559762199058,196.2591523299069,74.34343434343434
675.6675426623954,1101.7824693255634,633.7297144937351,439.1883773585957,74.55892255892256
854.0289049182369,6353.330629351577,568.6977265683295,1103.619390368799,74.77441077441077
474.18535956794335,699.8664362890979,548.2187655382785,607.3218907973437,74.98989898989899
335.461235212215,2199.232666188707,912.8971929961953,238.20355564037038,75.2053872053872
443.8652763746843,2426.0170042876957,782.3557095338841,343.965855867229,75.42087542087542
569.4065330035464,2802.4398079002485,526.8471855826958,420.9495129479859,75.63636363636363
24.61978388759509,1755.1788368650275,980.4955599704807,107.08662220442486,75.85185185185185
629.8718623923354,3260.7572878942246,572.1864704474946,852.8881823869078,76.06734006734007
503.6126021525427,3305.489432287397,726.7533782668174,455.64043703485976,76.28282828282828
689.436581633597,5038.167842272133,100.53094594594026,831.2020629831358,76.4983164983165
351.650515950507,3144.4538845411726,515.6210511947041,643.9376149550535,76.7138047138047
469.09583034486275,1462.8208715964186,824.6150660011546,351.14475212725154,76.92929292929293
361.5441893090762,1943.546252676313,1127.6369504953213,725.0151169956275,77.14478114478113
757.0537987385524,5882.614983478204,794.3554391219988,1304.5365394260987,77.36026936026936
501.09359856272806,1658.5933163596433,921.9196916885102,172.15095895617014,77.57575757575758
547.4291670266189,1441.2123077416745,802.5621581313089,578.5071774014863,77.79124579124579
652.8370987203043,2952.8273421190142,545.8922858390426,248.95245876323625,78.006734006734
535.2970806650667,475.0098770949915,1002.2653607181649,52.776963300628985,78.22222222222221
227.25308653223126,1517.24814835757,806.0451071229663,402.2654325721184,78.43771043771044
857.118966776466,2956.1751054119745,1049.4475935738976,739.8086549371877,78.65319865319864
373.6617555354964,1373.8392364019128,959.8362328969084,559.8382696253298,78.86868686868686
645.120258552719,2823.005302712077,493.6733075231935,264.92682626306987,79.08417508417509
90.43927309743916,1213.9778864218115,483.5152439333156,462.60992907778103,79.2996632996633
376.72791915702095,1614.3442685040216,1042.9823867626565,101.87701424651311,79.51515151515152
355.5034336145749,544.4368228055338,483.3988141942491,360.8513334072034,79.73063973063972
299.4801239897247,4429.630190713553,1136.3279086426517,901.8371256575979,79.94612794612794
109.31539389076706,533.007157411295,791.1277623411045,97.06120917154489,80.16161616161615
122.793865527864,2033.9580101604647,959.8084190006821,76.9821137375934,80.37710437710437
165.408203208494,1017.6434408394941,735.5930938833353,160.64718982664203,80.5925925925926
801.3734314980742,2928.4099663527477,414.155044706723,551.0521523878238,80.8080808080808
536.1339808397188,4076.7597585177814,865.050094024047,166.1717194046645,81.02356902356902
112.98047734502903,1897.4497145080834,291.8358916544852,117.20982406487708,81.23905723905723
610.4949307553701,1846.286692623705,635.9231238953377,271.35191650849896,81.45454545454545
466.39655817430656,1212.5053235666444,667.6992330976459,393.7721796156617,81.67003367003366
162.09507010657038,1661.9992058719097,939.259602046121,306.74455143579297,81.88552188552188
697.845735291263,2957.0643101119863,1062.3862578730048,399.4967110942486,82.1010101010101
200.5232517425167,312.2821345678428,713.8097841841018,452.0516889290653,82.31649831649831
240.4662216070451,891.476230763958,676.3474058414307,124.09114870556792,82.53198653198653
117.79023877932114,704.4951425473549,870.715503882397,265.34828189653575,82.74747474747474
334.280569282548,1463.1741783064085,711.3208986460784,193.17639726153166,82.96296296296296
535.6194185690067,774.4350273217942,1195.6982011244897,218.7123814017252,83.17845117845117
309.47596394768993,1266.43935129065,712.6185537778543,274.6979022747577,83.39393939393939
76.62430967463139,1180.002642538648,695.0805844622562,262.75373976870355,83.60942760942761
471.7081938381758,2860.0414150122897,797.934412356081,517.5766984263897,83.82491582491582
396.5463589404143,3976.022516393393,667.1204544319573,482.4786914065135,84.04040404040404
623.7453053427128,5383.295769367969,836.3897664907577,824.5165017012565,84.25589225589225
137.20273753465244,2951.016250979075,444.1419092222079,504.4689889021846,84.47138047138047
593.1166029802357,1489.1848941564585,894.6906090688416,417.49954107327727,84.68686868686868
174.01299855278106,972.2931110574874,261.6359249418241,513.9189235042501,84.9023569023569
85.12862928436981,1070.8993512960749,362.26848359215194,324.0053417359569,85.11784511784512
961.9397155129462,7157.493250101189,1427.9164669117238,1117.869455765049,85.33333333333333
609.8112925856924,2833.256373831498,274.8821629676387,273.4049555876761,85.54882154882155
202.1345769878258,797.2362475249026,830.5597783118534,184.9732906767859,85.76430976430976
252.65230149227253,1407.4179074654837,455.47386045304347,478.85434779094186,85.97979797979798
693.2895218608801,1267.712326666493,599.3413360065531,347.4881162392468,86.19528619528619
261.99826332914995,2718.0831163412586,318.4602306842886,503.00949677479383,86.41077441077441
290.40856395062315,185.23893038043641,603.4952671689813,477.37975758145535,86.62626262626262
483.5994490456507,836.5821784207387,840.3783268001682,161.2357211407058,86.84175084175084
566.6685204117535,1346.411024764878,704.7965257924249,478.651295474385,87.05723905723906
242.0466106517963,3971.1273055710126,420.7916534080683,525.3010301038526,87.27272727272727
73.56888873862765,3324.0182456329917,841.2177811256819,153.79858467152584,87.48821548821549
1053.115803117199,6944.0923589527,1047.9265486788902,836.4326862749065,87.7037037037037
3697.912779087514,24159.272533291904,2049.8729595478453,4817.344176080952,87.91919191919192
2642.9375091373595,18513.229166727346,2707.3582309595354,3616.3238900188253,88.13468013468012
1163.779448019529,7895.1909129801215,1335.834424505026,1378.0464714587995,88.35016835016835
356.91614188378975,5997.974360753391,898.9634747523181,550.9191159546359,88.56565656565657
763.5558469000459,1474.0517782740112,968.9564801384041,705.1683298040381,88.78114478114477
440.0164580954176,1724.3045502833957,343.0278275015838,385.91101821195684,88.996632996633
640.8103720701607,5192.9621828209065,220.78641089782766,632.1185395125739,89.2121212121212
462.3773690480803,2928.8948519012047,715.6731960402385,400.39730484042656,89.42760942760943
627.7519061083967,2111.6669310785974,1253.5247404934798,307.4062878821727,89.64309764309763
451.2538049272634,1279.349845436806,793.7756563650953,495.5114344300377,89.85858585858585
482.46757803543255,2729.571817197757,534.3483500921953,670.3379460254436,90.07407407407408
711.195262876611,4904.853983645465,897.6242095886225,673.0628388227232,90.28956228956228
842.2136222680291,5684.251152734146,1119.9716511430665,962.5796086101465,90.5050505050505
1565.6996574834716,7886.4547444755235,1106.2330304686868,1577.2728595477793,90.72053872053871
112.87442957817348,1851.8496698459048,491.73082572056927,380.6786105029241,90.93602693602693
96.01645746317845,1315.9888239481306,887.0941723654422,184.1548388270717,91.15151515151514
134.20861571340674,1750.2198961598724,503.6499824258776,253.35453703262127,91.36700336700336
408.95464781127197,2492.475115484569,540.3346672698442,345.8744568206903,91.58249158249158
340.80602209939394,2468.787809660426,553.1609440658044,344.65074521957075,91.79797979797979
53.7836289964322,784.6173634362449,192.2720843435862,66.68231224359263,92.01346801346801
506.82631092293553,1375.7989195350813,278.8089947784349,413.9635761969141,92.22895622895622
331.7998801254204,226.68376785181707,923.4487074148774,480.00104952249654,92.44444444444444
163.95024120200162,2383.686608292314,881.762378165532,195.02202958618395,92.65993265993265
501.3999568136881,1393.261437762471,506.7636270348079,408.293458800245,92.87542087542087
63.81977168212939,910.2840945666345,649.6473482547835,258.52189591254887,93.0909090909091
926.974070303426,3209.4896283266376,628.5223631752026,946.1747462751341,93.3063973063973
305.9752774952277,3553.556322730878,143.41287590508895,681.6043350068045,93.52188552188552
539.2414494139938,1141.5095509968428,217.07650365588134,782.184779408721,93.73737373737373
692.4206610203207,3746.574105342531,671.1705126661351,720.2895410105539,93.95286195286195
451.0064336883654,2939.564328604077,330.39299226208686,745.3983349213808,94.16835016835016
816.2784769900671,4329.508861043222,921.9000666259842,883.1562038494486,94.38383838383838
526.7986939028694,3818.22668781691,337.66665356236706,586.4764042965878,94.5993265993266
691.7953376554884,3766.934505997397,978.0261814166062,683.7890925556432,94.81481481481481
209.10285014882683,1480.799588210413,570.5089441857917,349.0347853438166,95.03030303030303
185.56455783226514,1933.2551292635171,474.7468258903608,47.32442916770726,95.24579124579124
617.8761912278746,2540.8106224947906,564.7339291227415,582.7139662979919,95.46127946127946
400.77853820813124,1703.2340463854412,658.0548210968128,241.6609382292218,95.67676767676767
418.7623931769601,438.963420773448,777.3988996236452,245.937743175937,95.89225589225589
330.3643807474532,3446.926290392532,541.9797693692266,320.0114599293777,96.1077441077441
310.1568848599402,620.8436264118203,492.3045277513461,379.3925384316309,96.32323232323232
102.41538611312342,1484.143248834579,704.4666980240087,133.50085555842972,96.53872053872054
256.06378408610044,1131.296774204098,252.56913934855518,213.65174341731642,96.75420875420875
276.795629059727,1091.7329055021473,914.7374585776554,166.25633134927557,96.96969696969697
329.2615224280161,1562.1023947956553,571.8333059353648,444.0539292507156,97.18518518518518
33.844897560215806,2234.75123364563,727.9644649118152,196.5230934982135,97.4006734006734
196.92232312958814,1749.200450096376,452.04040441894,165.86269130473815,97.6161616161616
239.74849366901861,1565.0233550117512,605.6153889947075,20.043948823898152,97.83164983164983
251.86042747819778,481.74291112925954,599.9887751218474,111.71290516266322,98.04713804713805
212.76779927195676,675.806756034454,524.7841068404659,260.9086702216239,98.26262626262626
400.5941119984311,1550.7159739833148,531.220254179772,420.92043934724603,98.47811447811448
137.56826684070916,1488.3830861531644,828.8113088357578,172.6278480892495,98.69360269360268
230.23768011387958,877.7818246347275,528.7044506433775,216.6056182504505,98.9090909090909
259.68778209000857,1873.6334483115388,750.219288723936,287.0121003285936,99.12457912457911
336.1285912557998,725.9042007863723,360.8382206814106,130.51340552202154,99.34006734006734
288.4096734564271,2252.898069104745,530.1418768549753,262.87419430585413,99.55555555555556
420.4174382312451,876.6481781484754,601.8945942536237,174.6890349636259,99.77104377104376
99.51956383630578,808.4927561856449,278.4663166266474,386.8355670361156,99.98653198653199
163.5093851419279,1133.5241674519737,126.36534443802731,226.68825352400376,100.2020202020202
249.41218950178046,2336.044226570635,670.7871848543422,445.497398600832,100.41750841750842
135.5913580983791,2082.0884466132443,561.3350243498359,263.1009502161147,100.63299663299662
275.1880034494598,872.7358581866633,341.322296762966,313.6704589853439,100.84848484848484
164.17568858157273,646.245534070655,553.406233016925,146.7496967165117,101.06397306397307
742.9086118235251,3887.0372614111075,576.1605896978292,839.2437372157818,101.27946127946127
310.2909210896364,2359.4293503984095,718.6726120285144,285.14935117378405,101.4949494949495
239.786125649105,1607.987878029152,411.3342895878824,139.09156652990555,101.7104377104377
461.1537031287189,408.19953105645556,464.2134941538427,171.58175831598322,101.92592592592592
73.53378772427412,2078.2651631703225,388.07032905949075,242.46611089111357,102.14141414141413
91.30361104653899,1478.632733391356,451.6477022136285,333.87362068240407,102.35690235690235
289.30768429117137,2833.1946681971845,519.6396460753491,457.12206745798466,102.57239057239057
443.14386595009773,2364.4054852709082,715.0957978580694,530.2519931030951,102.78787878787878
201.77580579515805,1116.1770344708232,461.71216559869254,301.29222461151835,103.003367003367
340.8329577269393,1000.1678034454222,572.2241014748018,111.54175725406083,103.21885521885521
476.2165254498845,1442.482185498884,643.3656401652613,603.6754868200609,103.43434343434343
196.88507146825125,614.9074352486039,639.3968973411156,217.7050604816627,103.64983164983164
395.7575859385545,124.51151521121552,580.9926313519478,205.4016279804154,103.86531986531986
252.44554302866234,718.0756761271011,481.3684718945596,85.96763121603809,104.08080808080808
77.8906082755399,439.62825241876106,554.0971370533942,112.00600854778007,104.29629629629629
253.4311418198365,1146.1054759761623,537.4836666538893,392.6982167576481,104.51178451178451
155.53613921659274,859.725711441354,315.48470601700984,129.71424515581035,104.72727272727272
131.60488749333913,858.6621945958732,383.13863878769564,190.80016818087432,104.94276094276094
309.38058693036635,2694.0256279638147,505.02367710211234,441.0529152129162,105.15824915824915
269.4592763428351,2163.29615749136,395.7091689765208,220.2615534467755,105.37373737373737
383.9822200027932,2488.732388400275,189.9406068890021,481.63928305472416,105.58922558922558
283.651803784513,65.77873686251648,335.12305352263934,77.12882506506446,105.8047138047138
282.67465821689024,1064.4586074882434,215.7622847071724,244.33838703799404,106.02020202020202
309.8884820964708,1602.695068258066,388.8478979558956,288.72033844472605,106.23569023569023
215.69986005018745,1014.3706517662249,323.0070638756169,223.78797968366624,106.45117845117845
260.3517464939021,1118.761263554833,630.4729212302063,279.68378378011744,106.66666666666666
281.2100140891734,395.8835996455942,656.0308755823607,164.60262278825735,106.88215488215488
157.51542675459757,1911.1707287428853,313.24521151467104,102.79596216332958,107.09764309764309
68.6129372494084,993.678357591035,306.8597466874931,103.05497274597307,107.31313131313131
224.3317232790794,990.5575838224918,333.5453501830615,189.32386056814534,107.52861952861953
274.53889357746453,2308.1776265860954,296.6618507120193,51.912086379993916,107.74410774410774
329.69952809481526,722.2115617864403,173.51976283188142,239.89375426750212,107.95959595959596
208.6079819719719,645.7085059530883,333.2573158885097,69.44621836032053,108.17508417508417
84.35878973533832,894.5357702569904,351.62589417313404,303.5292907250161,108.39057239057239
168.63447968522004,498.96009476216426,568.0836961161714,434.07945330395506,108.6060606060606
67.9448354333643,613.5575550175491,362.622679759866,110.72533044869039,108.82154882154882
226.47775730552257,2179.17699584821,161.25518407250016,293.4855972460377,109.03703703703704
893.4437677984773,5605.766857577864,470.73503688842084,1120.0732532520237,109.25252525252525
632.7040557808131,3030.942024873741,412.8824414015791,674.3390598781205,109.46801346801347
115.71841656171107,2426.0198603807908,351.157475824039,316.3374155553792,109.68350168350167
161.53402358419535,2480.985878533241,213.8105313063752,326.570427227223,109.8989898989899
256.7698279212144,1899.1605389539027,51.092451519220546,441.7495120074062,110.1144781144781
268.9752718807436,714.6491701094227,518.9407684141287,209.54083441455361,110.32996632996633
124.52088266702457,350.9659002911494,285.77666357680886,60.87350531919984,110.54545454545455
157.62652663086718,2209.116572956274,311.8761707080198,191.9326155090259,110.76094276094275
128.59812178989216,601.566129039425,194.39881811714588,88.51622763758228,110.97643097643098
131.53549413578193,715.5177489897407,246.8562663201036,265.32821763936045,111.19191919191918
258.7924928548749,2187.7511969909187,301.7682977095413,411.1933673641449,111.4074074074074
349.19776562870493,2639.6900340979428,153.95395896800804,385.98708593010315,111.62289562289561
922.7711399529488,5562.187473214716,470.3457753507685,1205.0433551027404,111.83838383838383
1207.6365478376695,6811.288560498726,850.1463610301394,1592.6580061630764,112.05387205387206
168.40574311617672,1973.2290982938193,320.41694777951193,237.19924973728902,112.26936026936026
228.7125456665309,638.6770432377627,351.9631919583668,210.25541488148852,112.48484848484848
105.97404849240108,1065.1663863616516,267.9653875321772,189.75275505645166,112.70033670033669
155.67613917621347,1069.6969751280308,292.0936618446183,128.4721005144896,112.91582491582491
142.77839208901102,490.5251373259989,309.74618377559733,97.7278046077882,113.13131313131312
147.7566252194043,705.6623101080062,428.1327832099255,142.57596345707026,113.34680134680134
108.59378782971068,504.9649307096592,335.4590635254925,31.17587705234782,113.56228956228956
178.60817295921882,542.3770165161911,199.83839333075565,145.9960383289831,113.77777777777777
115.74791981726113,967.9914613612763,216.87192569727938,33.97378672852132,113.993265993266
55.301807999414095,794.0944341622843,129.9192777899297,175.57584913556443,114.2087542087542
103.12155748414423,1002.0774966905001,140.87592822180036,339.5590187745617,114.42424242424242
76.38070148545421,642.9089541279088,222.97952994819084,233.6872002051196,114.63973063973063
110.11095639646615,98.47883935957829,196.33534315688186,176.6547931519029,114.85521885521885
99.29077602834985,507.5298583526001,487.3506742641609,308.9980919836198,115.07070707070707
266.24127064905485,670.0993921733633,134.47057225487288,122.05227962412751,115.28619528619528
203.96514015528737,545.11312558367,456.371952704571,103.78357425477537,115.5016835016835
137.6877158623161,878.8085678743121,80.32828342023817,56.317310890754925,115.71717171717171
178.8738695052745,796.728126917731,244.87012727699067,67.51686981727464,115.93265993265993
317.6324729607144,837.8877742658709,326.63515416635363,268.71154523420876,116.14814814814814
224.61122230054562,856.0981157794239,294.2292785284737,137.98362263865351,116.36363636363636
92.68797085906849,1262.5321790694422,187.4397995945738,231.65276258654245,116.57912457912457
192.2987862364315,1091.2118579746254,139.1577520525123,210.2610563081482,116.79461279461279
123.27484392309263,1265.5724391522401,238.8123539193657,174.76866651691302,117.01010101010101
122.81408597447249,588.3724129031991,104.90365549018072,225.5026420990906,117.22558922558922
155.16748154205854,693.6591707258431,132.30621019299085,20.66392144397907,117.44107744107744
125.18577117288943,758.6479199552579,140.55341457704668,89.50668138431432,117.65656565656565
166.4241125944041,288.78076838452614,73.58472887950079,106.99142091299383,117.87205387205387
146.5760668599165,1147.301116692619,323.79153862624685,256.5008363062101,118.08754208754208
104.49224833779638,183.47118932590035,125.3057627998999,34.53472598320878,118.3030303030303
6.95353344915846,803.0441720055954,283.89041921173083,170.6543483015169,118.51851851851852
94.9249318542169,972.0846450850285,112.52979773761548,179.83790596639057,118.73400673400673
219.5833123911524,469.36526471324925,248.88720079705794,59.7020242610517,118.94949494949495
167.65056349053924,254.46934663167713,158.4579956130064,40.235930922338575,119.16498316498316
446.3126023574433,189.82404729340698,542.088848350441,55.266857524782154,119.38047138047138
494.5324271309494,440.8555464059528,628.2239844432667,71.1404802715875,119.59595959595958
1744.7499927491506,742.5602099315274,2470.039612341284,9.191204849357735,119.8114478114478
2789.2133780761524,572.5468492335749,4283.042430071883,174.90901580117867,120.02693602693603
721.935655401125,202.63383705358723,1168.7802145178773,83.90921142234811,120.24242424242424
442.3904126536561,572.5151630954708,730.4330747443578,59.059986549455964,120.45791245791246
277.15189215571377,349.14015182198756,660.8803978802919,23.882436203726574,120.67340067340066
174.61175088973428,605.3338261284806,538.5880241888251,70.89146439886466,120.88888888888889
211.99890045679544,666.0958075883378,388.70445616952316,114.03867775702908,121.1043771043771
230.05015447935438,512.2464424198114,405.75179762224167,40.86144571187754,121.31986531986531
157.6062637512601,317.6354877620149,133.13917652809042,77.81165097354999,121.53535353535354
175.8309864455224,788.972470673673,408.49736115732264,91.08106045292874,121.75084175084174
156.6416549211954,525.9708424344141,233.54366095797062,48.488916812591555,121.96632996632997
87.94235562730533,372.410840327267,266.72088878944373,32.512490853921406,122.18181818181817
101.59117428763871,201.8002558932072,360.06007453971614,97.06332524928368,122.3973063973064
199.9010723552528,1237.5201129765178,251.00037216454058,315.06646704040304,122.6127946127946
203.54957258371846,988.6256823887844,272.1623510627114,148.5153735421217,122.82828282828282
113.68331687049536,404.30788325754224,135.8678776985449,115.91007519948502,123.04377104377105
156.14025880552407,538.9280658098245,248.09327085705985,236.1893966250819,123.25925925925925
30.49392239985729,563.4291101063554,229.59703706122176,34.498671581929635,123.47474747474747
118.8067390313726,644.6393145779476,190.35033398709965,100.11807719898053,123.69023569023568
120.56234347222896,935.4291851914373,272.4670029776569,155.69510514980803,123.9057239057239
145.91788465165652,937.5537198322739,90.60721280611561,99.72782430311534,124.12121212121211
122.03929660531209,520.5661380315439,199.07031903923533,100.18271686322304,124.33670033670033
130.6624636057332,947.0894444149328,157.2632536531035,143.16865597081693,124.55218855218855
158.23323772404342,1179.7937742183308,236.2085443322298,188.09316458033445,124.76767676767676
143.9059634835093,321.18193692351514,130.66505693810944,89.1824032157862,124.98316498316498
21.177453194962542,91.17905948290652,81.36730416358293,98.67327064096054,125.19865319865319
114.53495233245297,638.1819287082276,169.75825013671877,98.20707362943618,125.41414141414141
82.15316751423676,376.981814984677,99.86454379908713,50.759146881694654,125.62962962962962
95.82439201025447,578.8861337273447,151.33949857609474,100.65638170155286,125.84511784511784
97.50283789781261,513.2064326631083,108.35585077634413,82.96219713896316,126.06060606060605
88.29011034613738,436.00182728050646,63.43080639527933,20.498302730525896,126.27609427609427
95.37460015722871,264.4451322061205,130.04725817484078,26.92017146338805,126.49158249158249
85.61918597063877,425.3334664293892,38.931712939152845,63.28970130650163,126.7070707070707
101.95875102584905,525.7544432722641,94.65395530405743,68.68419265827536,126.92255892255892
69.51636670004011,490.6468473583291,94.95936836664067,35.977519786737695,127.13804713804713
60.83064610941386,535.9943605539514,70.30307616846726,44.63377395189376,127.35353535353535
126.6460544970152,520.4948752166508,129.06591246017726,79.06985501453153,127.56902356902356
88.27992335351979,430.4812980060432,86.27106542685391,49.926386592707686,127.78451178451178
