timestamp,ch1,ch2,ch3,ch4,ch5
1760485177.5813348,0.0,0.0,0.0,-0.48828125,0.0
1760485177.5851943,0.9765625,0.0,-7.32421875,0.48828125,0.0
1760485177.589054,-6.34765625,-12.6953125,22.94921875,-2.9296875,0.0
1760485177.5929136,12.6953125,16.6015625,-84.47265625,3.90625,0.0
1760485177.5967731,-40.52734375,-110.3515625,227.5390625,-11.71875,0.0
1760485177.600633,-139.6484375,-497.55859375,7.32421875,-61.03515625,0.0
1760485177.6044924,-40.0390625,-537.59765625,-674.31640625,-59.08203125,0.0
1760485177.608352,66.89453125,-661.1328125,-431.640625,-2.44140625,0.0
1760485177.6122117,7.8125,-681.15234375,-197.75390625,-22.4609375,0.0
1760485177.6160712,-119.140625,-363.76953125,-141.11328125,-80.078125,0.0
1760485177.6199307,-30.2734375,-455.56640625,-136.23046875,-45.41015625,0.0
1760485177.6237905,87.890625,-536.1328125,-108.3984375,-4.8828125,0.0
1760485177.6267576,59.5703125,-270.99609375,-81.0546875,-26.85546875,0.0
1760485177.630543,-21.484375,-161.62109375,-66.40625,-43.45703125,0.0
1760485177.6343281,2.9296875,-389.16015625,-82.51953125,-15.625,0.0
1760485177.6381133,83.49609375,-329.1015625,-47.8515625,-0.9765625,0.0
1760485177.6418986,58.10546875,-84.47265625,-54.19921875,16.6015625,0.0
1760485177.6456838,4.8828125,-336.42578125,-67.3828125,43.9453125,0.0
1760485177.6494691,-10.25390625,-801.7578125,-103.02734375,61.5234375,0.0
1760485177.6532543,48.828125,-618.1640625,-32.71484375,16.6015625,0.0
1760485177.6570396,42.48046875,-83.49609375,-18.5546875,-15.625,0.0
1760485177.6608248,4.39453125,-271.97265625,-56.15234375,13.18359375,0.0
1760485177.66461,-84.47265625,-434.08203125,-71.2890625,-9.765625,0.0
1760485177.6683953,-17.578125,-57.6171875,-20.99609375,-23.92578125,0.0
1760485177.6696458,107.91015625,-91.796875,-55.17578125,46.875,0.0
1760485177.6733255,88.8671875,-328.61328125,-53.7109375,71.2890625,0.0
1760485177.677005,-46.38671875,-162.109375,-24.90234375,-6.8359375,0.0
1760485177.6806848,-18.5546875,63.96484375,-24.90234375,-22.4609375,0.0
1760485177.6843643,112.3046875,-181.640625,-48.33984375,54.19921875,0.0
1760485177.688044,81.0546875,-373.046875,-49.8046875,52.24609375,0.0
1760485177.6917236,-44.921875,-287.59765625,-45.41015625,-14.6484375,0.0
1760485177.6954033,-55.17578125,-299.8046875,-76.66015625,-9.27734375,0.0
1760485177.6990829,102.5390625,-625.9765625,-69.3359375,71.77734375,0.0
1760485177.7027626,89.35546875,-472.65625,-46.875,53.22265625,0.0
1760485177.706442,-24.90234375,-79.58984375,-20.01953125,5.37109375,0.0
1760485177.7101219,-51.26953125,-320.80078125,-74.70703125,28.80859375,0.0
1760485177.709887,43.9453125,-198.73046875,-20.01953125,12.20703125,0.0
1760485177.7134578,87.40234375,105.46875,-13.18359375,13.18359375,0.0
1760485177.7170289,39.55078125,111.81640625,0.9765625,27.83203125,0.0
1760485177.7205997,-29.78515625,-51.7578125,-33.203125,18.5546875,0.0
1760485177.7241707,39.55078125,34.66796875,-25.390625,25.87890625,0.0
1760485177.7277415,122.55859375,91.796875,-39.0625,52.734375,0.0
1760485177.7313123,93.26171875,-150.87890625,-60.546875,70.80078125,0.0
1760485177.7348833,-30.76171875,-501.953125,-67.87109375,60.546875,0.0
1760485177.738454,-85.44921875,-120.60546875,-31.25,-17.578125,0.0
1760485177.7420251,40.0390625,201.171875,-26.3671875,16.6015625,0.0
1760485177.745596,53.7109375,90.8203125,-38.57421875,39.55078125,0.0
1760485177.749167,-60.05859375,157.71484375,-20.5078125,-10.7421875,0.0
1760485177.7502692,-51.26953125,53.22265625,-72.265625,14.16015625,0.0
1760485177.7537885,97.16796875,-222.65625,-70.3125,65.91796875,0.0
1760485177.757308,89.35546875,-149.4140625,-62.5,43.45703125,0.0
1760485177.7608275,-31.25,85.9375,-29.296875,-8.7890625,0.0
1760485177.7643468,-85.44921875,-2.9296875,-74.21875,-15.13671875,0.0
1760485177.7678664,33.69140625,-231.93359375,-61.03515625,12.6953125,0.0
1760485177.771386,104.98046875,-207.03125,-53.22265625,56.640625,0.0
1760485177.7749052,45.8984375,-25.87890625,-34.1796875,46.38671875,0.0
1760485177.7784247,-13.18359375,-155.76171875,-80.078125,32.2265625,0.0
1760485177.7819443,74.70703125,-385.7421875,-67.3828125,25.87890625,0.0
1760485177.7854636,100.5859375,55.17578125,-11.23046875,-10.7421875,0.0
1760485177.788983,72.265625,312.01171875,-26.3671875,15.625,0.0
1760485177.790169,-19.53125,16.6015625,-54.6875,32.2265625,0.0
1760485177.7936497,-48.828125,39.0625,-51.7578125,-6.34765625,0.0
1760485177.79713,64.94140625,196.2890625,-38.0859375,-3.41796875,0.0
1760485177.8006108,103.02734375,-79.1015625,-81.54296875,47.36328125,0.0
1760485177.8040912,15.13671875,-160.15625,-51.7578125,20.01953125,0.0
1760485177.807572,-39.0625,-103.515625,-56.15234375,-10.7421875,0.0
1760485177.8110523,45.8984375,-54.19921875,-22.94921875,-11.71875,0.0
1760485177.814533,135.25390625,-409.66796875,-80.56640625,79.1015625,0.0
1760485177.8180137,64.94140625,-526.85546875,-67.3828125,61.03515625,0.0
1760485177.821494,-104.4921875,137.20703125,-24.90234375,-64.94140625,0.0
1760485177.8249748,11.23046875,102.5390625,-25.87890625,-20.01953125,0.0
1760485177.8284552,109.375,-32.2265625,-51.7578125,28.80859375,0.0
1760485177.831862,53.22265625,178.7109375,-17.578125,0.0,0.0
1760485177.8353417,-27.34375,147.4609375,-38.0859375,-15.625,0.0
1760485177.8388212,46.875,-177.734375,-65.4296875,2.44140625,0.0
1760485177.8423007,100.09765625,-89.35546875,-27.83203125,-7.8125,0.0
1760485177.8457801,20.99609375,158.203125,-9.27734375,-24.4140625,0.0
1760485177.8492599,-42.48046875,-137.6953125,-46.38671875,10.25390625,0.0
1760485177.8527393,-17.08984375,-630.37109375,-83.984375,56.640625,0.0
1760485177.8562188,45.8984375,-447.75390625,-13.671875,12.20703125,0.0
1760485177.8596985,44.43359375,-63.96484375,-8.30078125,-10.7421875,0.0
1760485177.863178,-9.765625,-192.3828125,-17.578125,10.7421875,0.0
1760485177.8666575,-66.40625,-161.62109375,-43.9453125,-18.06640625,0.0
1760485177.870137,32.71484375,110.83984375,-9.765625,-27.34375,0.0
1760485177.8734972,101.5625,63.96484375,-37.59765625,33.203125,0.0
1760485177.8769753,39.55078125,-95.21484375,-48.828125,38.57421875,0.0
1760485177.8804533,-77.63671875,-0.9765625,-49.31640625,-23.4375,0.0
1760485177.8839316,-10.7421875,83.49609375,-31.25,-11.71875,0.0
1760485177.8874097,94.7265625,5.37109375,-36.62109375,31.73828125,0.0
1760485177.8908877,84.9609375,-170.41015625,-33.69140625,34.66796875,0.0
1760485177.894366,-50.78125,-138.671875,-36.62109375,-10.7421875,0.0
1760485177.897844,-9.765625,-26.3671875,-48.828125,-3.90625,0.0
1760485177.9013221,147.94921875,-498.046875,-71.77734375,68.359375,0.0
1760485177.9048004,64.94140625,-227.5390625,-15.13671875,-0.9765625,0.0
1760485177.9082785,-45.41015625,385.25390625,0.48828125,-47.36328125,0.0
1760485177.9117565,-13.671875,134.27734375,-64.94140625,0.0,0.0
1760485177.915022,91.796875,232.91015625,-30.2734375,1.46484375,0.0
1760485177.9184978,75.68359375,486.81640625,-37.59765625,11.23046875,0.0
1760485177.9219737,-35.64453125,384.765625,-36.1328125,38.57421875,0.0
1760485177.9254496,-99.12109375,263.18359375,-75.1953125,31.73828125,0.0
1760485177.9289255,-12.20703125,565.91796875,-18.5546875,18.5546875,0.0
1760485177.9324014,62.01171875,831.0546875,-32.2265625,39.0625,0.0
1760485177.9358773,80.078125,518.5546875,-69.3359375,80.56640625,0.0
1760485177.9393535,-18.06640625,446.77734375,-60.05859375,46.875,0.0
1760485177.9428294,-50.29296875,960.44921875,8.30078125,-66.89453125,0.0
1760485177.9463053,69.3359375,984.86328125,-6.8359375,-19.04296875,0.0
1760485177.9497812,91.30859375,932.6171875,-15.625,24.4140625,0.0
1760485177.953257,-16.6015625,967.7734375,-26.3671875,-20.5078125,0.0
1760485177.9582884,-25.390625,970.703125,-43.9453125,-45.41015625,0.0
1760485177.9617786,68.359375,955.078125,-35.64453125,-2.9296875,0.0
1760485177.9652689,17.08984375,960.44921875,-31.73828125,7.32421875,0.0
1760485177.9687593,-114.74609375,971.6796875,-6.8359375,-33.69140625,0.0
1760485177.9722495,-118.1640625,965.8203125,-50.29296875,-28.80859375,0.0
1760485177.97574,32.71484375,955.078125,-51.7578125,3.41796875,0.0
1760485177.9792302,61.03515625,963.8671875,-64.94140625,9.27734375,0.0
1760485177.9827206,-49.31640625,972.16796875,-16.6015625,-35.64453125,0.0
1760485177.9862108,-70.80078125,957.03125,-78.61328125,10.25390625,0.0
1760485177.989701,37.109375,953.125,-71.2890625,32.2265625,0.0
1760485177.9931915,44.921875,969.7265625,-22.94921875,-37.109375,0.0
1760485177.9966817,10.25390625,966.796875,-29.78515625,-8.7890625,0.0
1760485178.0013793,-100.5859375,957.51953125,-52.24609375,-6.34765625,0.0
1760485178.0048797,-59.08203125,965.8203125,-34.66796875,-32.71484375,0.0
1760485178.0083802,36.1328125,969.23828125,-28.3203125,-20.99609375,0.0
1760485178.0118804,22.94921875,963.8671875,-56.15234375,11.71875,0.0
1760485178.0153809,-68.359375,965.8203125,-68.84765625,5.37109375,0.0
1760485178.0188813,-68.84765625,966.796875,-64.94140625,2.9296875,0.0
1760485178.0223815,44.921875,975.09765625,-29.296875,0.48828125,0.0
1760485178.025882,107.91015625,925.78125,-79.1015625,57.12890625,0.0
1760485178.0293822,-9.27734375,928.22265625,-47.8515625,4.39453125,0.0
1760485178.0328827,-121.58203125,976.07421875,-13.671875,-98.6328125,0.0
1760485178.0363832,44.43359375,965.8203125,-36.62109375,-29.78515625,0.0
1760485178.0398834,91.30859375,967.7734375,-42.96875,-7.32421875,0.0
1760485178.0459511,6.8359375,967.7734375,-11.23046875,-21.484375,0.0
1760485178.049471,-77.63671875,967.7734375,-51.7578125,-12.6953125,0.0
1760485178.0529907,-46.875,968.26171875,-23.92578125,4.39453125,0.0
1760485178.0565104,11.71875,966.30859375,-20.99609375,24.4140625,0.0
1760485178.0600305,-20.5078125,970.21484375,1.953125,3.90625,0.0
1760485178.0635502,-95.703125,965.33203125,-41.015625,3.41796875,0.0
1760485178.06707,-30.2734375,942.87109375,-48.33984375,21.484375,0.0
1760485178.0705898,25.390625,962.40234375,17.08984375,-17.578125,0.0
1760485178.0741096,14.6484375,971.19140625,13.671875,-31.25,0.0
1760485178.0776296,-62.98828125,965.8203125,5.37109375,-43.9453125,0.0
1760485178.0811493,-76.171875,968.26171875,-7.32421875,-44.43359375,0.0
1760485178.084669,29.78515625,967.7734375,15.625,-20.99609375,0.0
1760485178.0902581,78.61328125,967.7734375,-32.71484375,31.25,0.0
1760485178.0937922,6.34765625,967.7734375,-16.11328125,13.18359375,0.0
1760485178.0973265,-98.14453125,967.7734375,-1.46484375,-55.6640625,0.0
1760485178.1008606,21.97265625,967.7734375,11.23046875,-25.87890625,0.0
1760485178.104395,95.703125,968.26171875,-26.3671875,10.25390625,0.0
1760485178.107929,24.4140625,964.35546875,-30.2734375,18.5546875,0.0
1760485178.111463,-88.8671875,971.6796875,-48.828125,-0.48828125,0.0
1760485178.1149974,18.06640625,961.42578125,-43.45703125,19.53125,0.0
1760485178.1185315,128.41796875,924.8046875,-61.03515625,46.38671875,0.0
1760485178.1220658,38.57421875,959.47265625,-15.13671875,-25.390625,0.0
1760485178.1255999,-62.01171875,973.14453125,-15.13671875,-42.48046875,0.0
1760485178.1291342,-58.10546875,964.84375,-36.1328125,-20.01953125,0.0
1760485178.135871,1.953125,968.75,-3.90625,-6.8359375,0.0
1760485178.1394255,-10.7421875,968.26171875,-2.9296875,-13.671875,0.0
1760485178.1429803,-61.03515625,965.33203125,-29.296875,1.46484375,0.0
1760485178.146535,-65.91796875,965.33203125,-63.4765625,2.44140625,0.0
1760485178.1500897,23.92578125,952.63671875,0.9765625,-15.625,0.0
1760485178.1536446,65.91796875,999.51171875,-17.578125,-6.34765625,0.0
1760485178.1571991,59.08203125,778.80859375,-61.03515625,39.55078125,0.0
1760485178.160754,-18.5546875,686.5234375,-61.03515625,22.4609375,0.0
1760485178.1643085,8.30078125,982.91015625,22.94921875,-45.41015625,0.0
1760485178.1678634,74.21875,971.6796875,-1.46484375,-4.39453125,0.0
1760485178.171418,33.69140625,938.4765625,-13.671875,7.32421875,0.0
1760485178.1749728,-75.1953125,999.51171875,-24.90234375,-32.71484375,0.0
1760485178.1814613,38.57421875,698.2421875,-75.68359375,42.48046875,0.0
1760485178.1850336,124.51171875,611.328125,-50.29296875,47.36328125,0.0
1760485178.1886058,13.671875,998.53515625,17.08984375,-60.05859375,0.0
1760485178.192178,-37.109375,978.515625,-27.34375,-47.8515625,0.0
1760485178.19575,20.99609375,895.5078125,-58.10546875,2.9296875,0.0
1760485178.1993222,146.97265625,877.44140625,-37.59765625,45.41015625,0.0
1760485178.2028944,138.18359375,945.3125,-4.8828125,14.6484375,0.0
1760485178.2064667,0.0,999.51171875,16.6015625,-31.73828125,0.0
1760485178.210039,-47.8515625,800.78125,-61.5234375,14.16015625,0.0
1760485178.2136111,17.578125,679.6875,-46.38671875,50.29296875,0.0
1760485178.217183,-35.15625,973.14453125,20.01953125,-40.0390625,0.0
1760485178.2207553,-63.96484375,976.5625,23.4375,-32.71484375,0.0
1760485178.2270615,-104.98046875,955.078125,-28.80859375,-41.9921875,0.0
1760485178.230649,-20.5078125,968.26171875,27.34375,-50.29296875,0.0
1760485178.2342362,66.40625,969.23828125,22.94921875,-4.8828125,0.0
1760485178.2378237,33.203125,963.8671875,20.01953125,-4.8828125,0.0
1760485178.241411,-54.19921875,949.21875,3.41796875,-22.94921875,0.0
1760485178.2449985,-3.41796875,948.73046875,-15.13671875,-20.01953125,0.0
1760485178.2485857,63.96484375,962.890625,19.04296875,-16.6015625,0.0
1760485178.2521732,43.45703125,999.51171875,34.66796875,-16.6015625,0.0
1760485178.2557604,10.25390625,618.65234375,-29.296875,31.25,0.0
1760485178.259348,-27.83203125,672.36328125,-10.7421875,-26.85546875,0.0
1760485178.2629352,55.6640625,999.51171875,33.69140625,-49.31640625,0.0
1760485178.2665226,110.3515625,938.96484375,-13.18359375,20.01953125,0.0
1760485178.2726772,18.5546875,942.87109375,19.53125,-4.39453125,0.0
1760485178.276278,-55.6640625,967.28515625,-5.37109375,-36.62109375,0.0
1760485178.2798786,39.55078125,956.0546875,-12.6953125,11.71875,0.0
1760485178.2834795,45.8984375,904.78515625,-21.97265625,24.4140625,0.0
1760485178.2870803,-56.640625,941.89453125,-1.46484375,-21.484375,0.0
1760485178.290681,-101.07421875,835.44921875,-35.64453125,-11.23046875,0.0
1760485178.2942817,10.25390625,790.0390625,-7.32421875,-6.34765625,0.0
1760485178.2978823,111.81640625,574.70703125,-40.52734375,40.0390625,0.0
1760485178.3014832,74.70703125,448.2421875,-30.2734375,38.0859375,0.0
1760485178.305084,-108.88671875,937.01171875,20.5078125,-80.078125,0.0
1760485178.3086846,-52.734375,976.5625,-4.39453125,-62.5,0.0
1760485178.3122854,87.890625,804.19921875,-4.39453125,8.30078125,0.0
1760485178.318287,54.19921875,891.6015625,25.87890625,-12.20703125,0.0
1760485178.3218994,-32.71484375,982.421875,11.71875,-47.36328125,0.0
1760485178.325512,-21.484375,923.33984375,-26.3671875,-38.0859375,0.0
1760485178.3291245,83.984375,860.3515625,25.390625,-16.6015625,0.0
1760485178.332737,77.1484375,920.41015625,5.859375,4.8828125,0.0
1760485178.3363495,-9.765625,869.62890625,-9.765625,-3.90625,0.0
1760485178.339962,-76.171875,771.97265625,-25.87890625,-10.7421875,0.0
1760485178.3435745,65.91796875,448.73046875,-8.30078125,36.1328125,0.0
1760485178.347187,92.28515625,581.0546875,6.8359375,-3.90625,0.0
1760485178.3507996,2.9296875,999.51171875,42.96875,-66.40625,0.0
1760485178.354412,-11.71875,821.2890625,-20.5078125,-14.16015625,0.0
1760485178.3580246,21.484375,755.859375,4.39453125,-12.6953125,0.0
1760485178.3638735,30.2734375,956.54296875,52.734375,-41.9921875,0.0
1760485178.3674965,13.671875,999.51171875,21.97265625,-21.484375,0.0
1760485178.3711193,-57.12890625,781.25,-33.69140625,-1.953125,0.0
1760485178.374742,-24.4140625,679.19921875,-28.3203125,6.34765625,0.0
1760485178.378365,72.75390625,863.28125,8.7890625,4.39453125,0.0
1760485178.3819878,83.0078125,815.4296875,-15.625,15.13671875,0.0
1760485178.3856108,43.45703125,492.67578125,-48.33984375,35.15625,0.0
1760485178.3892336,39.55078125,203.61328125,-83.49609375,56.640625,0.0
1760485178.3928564,86.9140625,586.42578125,-10.7421875,-4.8828125,0.0
1760485178.3964794,86.42578125,918.9453125,2.44140625,-36.1328125,0.0
1760485178.4001021,19.53125,881.34765625,11.71875,-25.390625,0.0
1760485178.4037251,-55.17578125,882.8125,-27.34375,-17.578125,0.0
1760485178.4094346,15.13671875,982.91015625,6.8359375,-13.671875,0.0
1760485178.4130664,107.421875,937.5,-19.53125,21.97265625,0.0
1760485178.4166985,58.10546875,863.28125,-11.71875,14.16015625,0.0
1760485178.4203305,-72.75390625,917.48046875,-5.37109375,-40.0390625,0.0
1760485178.4239626,-4.8828125,947.265625,3.41796875,-34.66796875,0.0
1760485178.4275947,123.53515625,812.01171875,-9.765625,19.04296875,0.0
1760485178.4312265,138.18359375,228.515625,-63.96484375,70.3125,0.0
1760485178.4348586,-43.9453125,268.5546875,-21.484375,-25.87890625,0.0
1760485178.4384906,-106.93359375,939.94140625,27.83203125,-84.47265625,0.0
1760485178.4421227,64.94140625,853.02734375,14.16015625,1.46484375,0.0
1760485178.4457545,102.05078125,574.21875,-37.59765625,30.76171875,0.0
1760485178.4493866,-17.578125,721.19140625,4.39453125,-23.92578125,0.0
1760485178.454995,-77.1484375,903.3203125,-6.8359375,-73.73046875,0.0
1760485178.458635,81.54296875,660.64453125,-24.90234375,-7.32421875,0.0
1760485178.4622755,128.90625,499.51171875,-52.24609375,43.45703125,0.0
1760485178.4659157,25.390625,670.41015625,-7.8125,-5.859375,0.0
1760485178.4695559,-72.75390625,722.16796875,-17.08984375,-39.55078125,0.0
1760485178.4731963,72.75390625,285.64453125,-62.5,35.64453125,0.0
1760485178.4768364,181.640625,-190.4296875,-101.5625,82.03125,0.0
1760485178.4804766,51.7578125,205.078125,-31.25,-30.2734375,0.0
1760485178.484117,-65.4296875,549.8046875,-22.4609375,-57.6171875,0.0
1760485178.4877572,14.6484375,324.21875,-59.08203125,-11.71875,0.0
1760485178.4913974,99.609375,307.12890625,-36.62109375,2.9296875,0.0
1760485178.4950378,41.50390625,541.50390625,-31.25,-33.203125,0.0
1760485178.50186,-34.66796875,277.34375,-60.546875,-29.78515625,0.0
1760485178.5055127,-30.2734375,109.375,-62.98828125,-20.01953125,0.0
1760485178.5091655,47.36328125,359.375,-6.8359375,-40.52734375,0.0
1760485178.5128186,6.8359375,571.77734375,-3.90625,-39.0625,0.0
1760485178.5164714,-38.0859375,441.89453125,-21.97265625,-18.5546875,0.0
1760485178.5201242,-27.83203125,12.6953125,-95.703125,2.9296875,0.0
1760485178.523777,31.25,98.14453125,-37.59765625,-23.4375,0.0
1760485178.52743,22.94921875,588.8671875,4.8828125,-47.36328125,0.0
1760485178.5310829,20.99609375,422.36328125,-30.2734375,-6.8359375,0.0
1760485178.5347357,-23.92578125,-149.90234375,-93.75,0.9765625,0.0
1760485178.5383885,-24.90234375,92.7734375,-20.5078125,-55.17578125,0.0
1760485178.5420415,28.3203125,507.32421875,-9.27734375,-67.3828125,0.0
1760485178.5485666,28.80859375,365.72265625,-25.390625,-32.2265625,0.0
1760485178.5522304,-68.359375,237.3046875,-41.50390625,-25.87890625,0.0
1760485178.5558941,-56.15234375,291.015625,-30.2734375,-37.59765625,0.0
1760485178.559558,48.33984375,298.828125,-30.76171875,-26.3671875,0.0
1760485178.5632217,50.29296875,209.9609375,-64.453125,-22.4609375,0.0
1760485178.5668855,-9.27734375,-5.37109375,-57.6171875,-10.7421875,0.0
1760485178.5705492,-52.24609375,20.5078125,-51.26953125,-30.2734375,0.0
1760485178.574213,18.5546875,263.18359375,-12.20703125,-30.76171875,0.0
1760485178.5778768,79.1015625,-55.17578125,-75.1953125,43.9453125,0.0
1760485178.5815406,-12.6953125,-295.41015625,-33.69140625,12.6953125,0.0
1760485178.5852041,-143.5546875,245.1171875,-15.625,-70.3125,0.0
1760485178.588868,2.44140625,236.81640625,-40.52734375,-8.30078125,0.0
1760485178.59521,61.03515625,175.78125,-36.62109375,-20.99609375,0.0
1760485178.5988836,-4.39453125,331.54296875,-23.92578125,-47.36328125,0.0
1760485178.602557,-86.9140625,402.83203125,-57.6171875,-52.734375,0.0
1760485178.6062305,19.04296875,329.1015625,-37.109375,-34.66796875,0.0
1760485178.609904,134.765625,231.4453125,-30.2734375,-11.23046875,0.0
1760485178.6135774,50.29296875,211.42578125,-42.96875,-6.34765625,0.0
1760485178.617251,-69.82421875,135.25390625,-41.015625,-27.34375,0.0
1760485178.6209242,-31.73828125,106.4453125,-58.10546875,-40.0390625,0.0
1760485178.6245978,80.56640625,-166.015625,-46.875,22.94921875,0.0
1760485178.6282713,32.71484375,5.859375,-25.390625,-20.01953125,0.0
1760485178.6319447,-87.40234375,537.109375,-1.953125,-91.30859375,0.0
1760485178.6356182,-80.56640625,391.6015625,-44.921875,-34.1796875,0.0
1760485178.6417513,61.03515625,316.40625,-42.48046875,4.8828125,0.0
1760485178.6454332,91.30859375,462.890625,-43.45703125,-3.90625,0.0
1760485178.6491153,10.25390625,565.4296875,-18.06640625,-18.06640625,0.0
1760485178.6527972,-53.22265625,437.01171875,-67.87109375,-5.37109375,0.0
1760485178.6564794,42.96875,409.1796875,-45.8984375,5.37109375,0.0
1760485178.6601613,99.12109375,541.015625,-45.8984375,21.97265625,0.0
1760485178.6638434,20.99609375,568.359375,-43.45703125,9.765625,0.0
1760485178.6675253,-35.15625,202.1484375,-97.16796875,51.26953125,0.0
1760485178.6712072,21.484375,99.609375,-74.70703125,28.80859375,0.0
1760485178.6748893,48.33984375,824.70703125,8.7890625,-70.80078125,0.0
1760485178.6785712,43.9453125,999.51171875,7.32421875,-20.01953125,0.0
1760485178.6822534,-23.4375,841.796875,-19.53125,4.8828125,0.0
1760485178.6881623,-50.29296875,889.6484375,-26.3671875,-30.76171875,0.0
1760485178.6918516,25.390625,984.375,8.7890625,-22.4609375,0.0
1760485178.6955411,38.57421875,952.63671875,-20.99609375,32.71484375,0.0
1760485178.6992307,-56.640625,935.546875,-14.6484375,19.53125,0.0
1760485178.70292,-107.91015625,955.56640625,-32.2265625,-24.4140625,0.0
1760485178.7066095,28.80859375,952.1484375,-25.390625,-3.41796875,0.0
1760485178.7102988,67.87109375,983.88671875,-36.62109375,22.94921875,0.0
1760485178.7139883,15.13671875,682.12890625,-21.97265625,44.921875,0.0
1760485178.7176776,-94.23828125,713.8671875,-8.7890625,-28.3203125,0.0
1760485178.7213671,-33.203125,999.51171875,17.08984375,-53.22265625,0.0
1760485178.7250564,70.80078125,945.3125,-3.41796875,4.39453125,0.0
1760485178.728746,18.06640625,950.68359375,10.25390625,-9.765625,0.0
1760485178.7345595,-112.3046875,959.47265625,22.4609375,-57.12890625,0.0
1760485178.7382557,-82.03125,988.76953125,17.08984375,-56.15234375,0.0
1760485178.741952,78.61328125,866.2109375,-25.390625,25.390625,0.0
1760485178.7456481,73.2421875,836.9140625,-9.27734375,18.06640625,0.0
1760485178.7493443,-66.89453125,962.40234375,23.92578125,-40.52734375,0.0
1760485178.7530406,-92.28515625,936.03515625,0.0,-33.203125,0.0
1760485178.7567368,68.359375,534.66796875,-12.20703125,27.34375,0.0
1760485178.760433,88.8671875,257.8125,-35.15625,63.4765625,0.0
1760485178.7641294,-88.37890625,786.62109375,60.05859375,-55.6640625,0.0
1760485178.7678256,-140.625,989.74609375,32.71484375,-46.38671875,0.0
1760485178.7715218,9.765625,687.98828125,-3.41796875,29.296875,0.0
1760485178.775218,52.734375,673.33984375,-3.41796875,-3.41796875,0.0
1760485178.7807927,-23.4375,879.39453125,45.41015625,-33.203125,0.0
1760485178.7844946,-86.42578125,642.08984375,9.27734375,-21.484375,0.0
1760485178.7881966,-11.71875,397.4609375,-5.859375,-14.6484375,0.0
1760485178.7918987,62.01171875,509.27734375,18.5546875,0.48828125,0.0
1760485178.7956007,16.11328125,710.9375,41.50390625,-6.8359375,0.0
1760485178.7993028,-80.56640625,636.71875,15.625,-15.625,0.0
1760485178.8030047,-12.20703125,0.9765625,-13.18359375,35.64453125,0.0
1760485178.806707,43.9453125,92.7734375,45.8984375,-4.8828125,0.0
1760485178.8104088,-6.8359375,812.01171875,63.4765625,-48.828125,0.0
1760485178.814111,-42.96875,591.796875,33.203125,-16.11328125,0.0
1760485178.817813,-53.22265625,305.6640625,-15.13671875,-26.3671875,0.0
1760485178.8215148,23.4375,559.08203125,30.2734375,-33.69140625,0.0
1760485178.826956,31.25,698.73046875,24.90234375,-2.9296875,0.0
1760485178.8306632,-13.671875,395.5078125,-4.8828125,16.11328125,0.0
1760485178.8343704,-57.12890625,187.01171875,-34.66796875,-19.04296875,0.0
1760485178.8380775,25.390625,286.1328125,12.20703125,-37.59765625,0.0
1760485178.8417847,65.4296875,456.0546875,-14.16015625,-23.92578125,0.0
1760485178.845492,16.6015625,178.22265625,-40.52734375,15.13671875,0.0
1760485178.849199,-95.703125,-297.36328125,-79.1015625,18.06640625,0.0
1760485178.8529065,-117.67578125,52.734375,-39.55078125,-41.015625,0.0
1760485178.8566136,-42.96875,350.5859375,-2.44140625,-24.90234375,0.0
1760485178.8603208,-9.27734375,152.34375,-23.92578125,4.8828125,0.0
1760485178.864028,-105.46875,108.88671875,-18.06640625,-34.66796875,0.0
1760485178.8677351,-129.8828125,399.90234375,16.6015625,-58.10546875,0.0
1760485178.8741992,19.53125,409.66796875,-6.34765625,0.0,0.0
1760485178.8779142,41.9921875,182.12890625,-51.26953125,22.94921875,0.0
1760485178.8816295,-63.4765625,209.47265625,-11.71875,-32.2265625,0.0
1760485178.8853445,-108.88671875,298.828125,-39.55078125,-50.78125,0.0
1760485178.8890595,8.30078125,253.41796875,-22.4609375,-11.71875,0.0
1760485178.8927748,74.21875,-43.9453125,-44.43359375,31.25,0.0
1760485178.8964899,-1.46484375,-191.89453125,-36.1328125,12.6953125,0.0
1760485178.9002051,-104.00390625,26.85546875,-35.15625,-37.109375,0.0
1760485178.9039202,-0.48828125,160.64453125,-22.4609375,-10.7421875,0.0
1760485178.9076352,112.3046875,-182.12890625,-65.4296875,40.52734375,0.0
1760485178.9113505,20.01953125,-79.58984375,-16.6015625,-23.4375,0.0
1760485178.9150655,-112.3046875,303.22265625,-13.671875,-67.87109375,0.0
1760485178.921235,-0.9765625,0.9765625,-65.91796875,-4.8828125,0.0
1760485178.924957,101.5625,-96.6796875,-34.66796875,12.20703125,0.0
1760485178.928679,39.55078125,296.875,-3.90625,-46.38671875,0.0
1760485178.932401,-32.71484375,277.83203125,-50.29296875,-50.29296875,0.0
1760485178.936123,-22.94921875,-74.21875,-78.125,-16.11328125,0.0
1760485178.9398448,91.30859375,-269.04296875,-57.12890625,28.80859375,0.0
1760485178.9435668,67.87109375,-135.25390625,-60.546875,20.5078125,0.0
1760485178.9472888,-38.0859375,42.96875,-5.859375,-22.94921875,0.0
1760485178.9510107,-66.40625,-292.48046875,-52.24609375,19.53125,0.0
1760485178.9547327,25.87890625,-506.34765625,-54.6875,36.62109375,0.0
1760485178.9584546,8.7890625,119.62890625,-13.18359375,-34.1796875,0.0
1760485178.9621766,-45.8984375,369.140625,-5.859375,-22.94921875,0.0
1760485178.968134,-104.4921875,146.484375,-41.50390625,-17.578125,0.0
1760485178.971862,-38.57421875,169.921875,-26.3671875,-39.55078125,0.0
1760485178.97559,42.96875,356.93359375,-38.57421875,-29.296875,0.0
1760485178.979318,32.71484375,271.97265625,-36.1328125,6.8359375,0.0
1760485178.9830458,-65.4296875,74.70703125,-54.6875,1.46484375,0.0
1760485178.9867737,-30.2734375,-67.87109375,-77.63671875,1.46484375,0.0
1760485178.9905019,77.1484375,25.390625,-45.8984375,-3.41796875,0.0
1760485178.9942298,44.921875,255.859375,-18.5546875,-25.390625,0.0
1760485178.9979577,-29.78515625,-277.83203125,-68.84765625,10.7421875,0.0
1760485179.0016856,-113.28125,-227.5390625,-53.7109375,-61.03515625,0.0
1760485179.0054135,-45.41015625,380.37109375,9.27734375,-99.12109375,0.0
1760485179.0091414,21.97265625,176.7578125,-44.43359375,-36.1328125,0.0
1760485179.0149422,-63.4765625,120.60546875,-10.25390625,-61.03515625,0.0
1760485179.0186756,-142.578125,359.86328125,-18.5546875,-117.67578125,0.0
1760485179.022409,-18.06640625,416.9921875,-14.6484375,-104.00390625,0.0
1760485179.0261424,52.734375,278.3203125,-49.31640625,-48.828125,0.0
1760485179.0298755,-51.7578125,114.74609375,-46.38671875,-59.08203125,0.0
1760485179.033609,-127.9296875,-79.1015625,-64.94140625,-63.96484375,0.0
1760485179.0373423,-31.73828125,2.44140625,-36.62109375,-47.36328125,0.0
1760485179.0410757,68.84765625,-157.71484375,-41.015625,6.8359375,0.0
1760485179.044809,0.48828125,-407.71484375,-16.11328125,14.16015625,0.0
1760485179.0485425,-188.96484375,235.3515625,30.76171875,-94.7265625,0.0
1760485179.0522757,-142.08984375,393.5546875,-1.46484375,-63.96484375,0.0
1760485179.056009,20.99609375,35.15625,-12.6953125,-6.8359375,0.0
1760485179.0616424,13.671875,128.90625,-30.76171875,-32.71484375,0.0
1760485179.0653806,-83.49609375,258.30078125,-12.6953125,-66.40625,0.0
1760485179.0691187,-86.9140625,-23.4375,-33.69140625,-55.6640625,0.0
1760485179.0728567,19.53125,-41.015625,-7.32421875,-44.921875,0.0
1760485179.0765948,30.2734375,153.3203125,-16.11328125,-33.69140625,0.0
1760485179.080333,-26.3671875,61.03515625,-20.5078125,-22.94921875,0.0
1760485179.0840712,-88.37890625,-73.73046875,-66.40625,-37.109375,0.0
1760485179.0878093,31.73828125,-472.65625,-64.94140625,12.6953125,0.0
1760485179.0915475,38.57421875,-231.93359375,-22.4609375,-17.578125,0.0
1760485179.0952857,-71.77734375,496.58203125,39.55078125,-94.23828125,0.0
1760485179.0990238,-101.07421875,279.296875,-25.390625,-58.10546875,0.0
1760485179.102762,-27.34375,97.16796875,-35.64453125,-43.45703125,0.0
1760485179.1082447,47.36328125,279.296875,-8.7890625,-79.1015625,0.0
1760485179.111987,63.4765625,327.63671875,-23.92578125,-57.12890625,0.0
1760485179.1157296,-10.7421875,177.24609375,-33.203125,-10.25390625,0.0
1760485179.119472,-33.69140625,60.05859375,-31.73828125,-23.92578125,0.0
1760485179.1232145,38.0859375,24.4140625,-16.6015625,-11.23046875,0.0
1760485179.126957,27.83203125,-9.765625,-59.5703125,8.30078125,0.0
1760485179.1306992,-6.34765625,-298.33984375,-67.87109375,41.9921875,0.0
1760485179.1344416,-60.05859375,-514.16015625,-65.4296875,19.53125,0.0
1760485179.138184,-43.45703125,48.828125,25.390625,-63.4765625,0.0
1760485179.1419265,10.7421875,454.1015625,5.37109375,-51.26953125,0.0
1760485179.145669,23.92578125,-49.8046875,-52.24609375,23.4375,0.0
1760485179.1494114,-70.80078125,-306.640625,-68.84765625,3.90625,0.0
1760485179.1547506,-35.15625,285.64453125,0.9765625,-58.10546875,0.0
1760485179.1584969,77.1484375,355.46875,-32.2265625,16.11328125,0.0
1760485179.1622431,42.48046875,169.921875,-36.62109375,9.765625,0.0
1760485179.1659892,-84.9609375,174.8046875,-17.578125,-51.26953125,0.0
1760485179.1697354,-48.33984375,199.21875,-31.73828125,-47.8515625,0.0
1760485179.1734817,74.21875,10.25390625,-41.50390625,-15.13671875,0.0
1760485179.177228,102.05078125,-552.734375,-62.01171875,48.33984375,0.0
1760485179.1809742,-57.12890625,-495.60546875,-7.32421875,-37.59765625,0.0
1760485179.1847203,-167.48046875,127.9296875,4.39453125,-163.0859375,0.0
1760485179.1884665,-24.90234375,64.453125,-33.203125,-90.33203125,0.0
1760485179.1922128,-10.25390625,-38.57421875,-36.1328125,-63.4765625,0.0
1760485179.195959,-128.41796875,119.140625,27.34375,-128.90625,0.0
1760485179.2011912,-175.29296875,201.171875,12.6953125,-159.1796875,0.0
1760485179.2049408,-39.0625,-66.40625,5.859375,-133.30078125,0.0
1760485179.2086904,-21.484375,-139.6484375,8.7890625,-117.67578125,0.0
1760485179.21244,-163.0859375,115.234375,67.87109375,-159.1796875,0.0
1760485179.2161899,-297.8515625,142.578125,37.109375,-206.0546875,0.0
1760485179.2199395,-197.265625,-267.578125,-4.39453125,-158.69140625,0.0
1760485179.223689,-106.4453125,-444.82421875,-13.671875,-137.20703125,0.0
1760485179.2274387,-172.8515625,-58.59375,5.37109375,-186.03515625,0.0
1760485179.2311885,-268.06640625,172.36328125,15.13671875,-220.703125,0.0
1760485179.2349381,-205.56640625,-67.3828125,-21.97265625,-172.36328125,0.0
1760485179.2386878,-103.02734375,-77.63671875,-21.97265625,-146.97265625,0.0
1760485179.2424374,-141.6015625,447.75390625,13.18359375,-196.2890625,0.0
1760485179.248449,-193.359375,324.70703125,-35.64453125,-154.296875,0.0
1760485179.252204,-187.5,73.2421875,-77.1484375,-140.625,0.0
1760485179.2559586,-77.63671875,297.8515625,-19.04296875,-136.71875,0.0
1760485179.2597134,-64.94140625,520.5078125,-44.921875,-112.3046875,0.0
1760485179.263468,-116.69921875,377.44140625,-71.77734375,-86.9140625,0.0
1760485179.267223,-141.6015625,-29.296875,-118.65234375,-58.59375,0.0
1760485179.2709777,-75.68359375,19.04296875,-52.24609375,-71.2890625,0.0
1760485179.2747324,-36.62109375,387.6953125,-58.59375,-78.125,0.0
1760485179.2784872,-53.22265625,366.69921875,-67.3828125,-49.31640625,0.0
1760485179.282242,-101.5625,-72.265625,-109.375,-5.859375,0.0
1760485179.2859967,-74.21875,10.25390625,-82.03125,-38.0859375,0.0
1760485179.2897515,16.11328125,298.33984375,-68.359375,-34.1796875,0.0
1760485179.2955706,41.9921875,58.10546875,-80.56640625,5.859375,0.0
1760485179.29933,-65.4296875,85.44921875,-55.6640625,-26.3671875,0.0
1760485179.3030894,-83.984375,295.41015625,-47.8515625,-61.5234375,0.0
1760485179.3068485,51.26953125,354.98046875,-42.48046875,-23.92578125,0.0
1760485179.310608,112.79296875,136.23046875,-80.56640625,39.0625,0.0
1760485179.314367,30.2734375,-99.12109375,-80.078125,42.96875,0.0
1760485179.3181264,-36.62109375,-70.3125,-97.16796875,19.04296875,0.0
1760485179.3218858,48.828125,115.234375,-56.640625,-1.953125,0.0
1760485179.325645,129.8828125,-78.125,-100.5859375,68.359375,0.0
1760485179.3294044,64.94140625,-423.828125,-102.5390625,91.30859375,0.0
1760485179.3331635,-114.2578125,122.55859375,-60.546875,-24.4140625,0.0
1760485179.336923,-21.484375,399.90234375,-39.0625,-10.25390625,0.0
1760485179.342594,64.453125,254.39453125,-43.45703125,17.578125,0.0
1760485179.346357,12.6953125,374.0234375,-5.859375,10.25390625,0.0
1760485179.3501205,-44.43359375,291.015625,-71.2890625,30.76171875,0.0
1760485179.353884,28.80859375,152.83203125,-87.40234375,26.85546875,0.0
1760485179.3576472,116.69921875,204.58984375,-63.4765625,53.22265625,0.0
1760485179.3614106,109.375,24.90234375,-73.2421875,74.21875,0.0
1760485179.365174,0.0,-16.6015625,-70.3125,18.5546875,0.0
1760485179.3689375,-28.80859375,218.26171875,-71.77734375,-1.953125,0.0
1760485179.3727007,139.6484375,-236.328125,-91.796875,91.796875,0.0
1760485179.3764641,115.72265625,-210.44921875,-81.0546875,65.91796875,0.0
1760485179.3802276,-10.7421875,337.890625,-35.64453125,-19.53125,0.0
1760485179.383991,-12.20703125,103.515625,-96.6796875,19.53125,0.0
1760485179.389484,107.421875,41.50390625,-57.6171875,43.45703125,0.0
1760485179.393251,132.32421875,287.59765625,-45.8984375,16.11328125,0.0
1760485179.397018,74.21875,363.28125,-40.0390625,9.765625,0.0
1760485179.400785,31.73828125,52.24609375,-117.67578125,34.66796875,0.0
1760485179.404552,57.12890625,-54.6875,-80.078125,25.87890625,0.0
1760485179.408319,82.03125,85.9375,-60.05859375,51.7578125,0.0
1760485179.412086,52.24609375,106.4453125,-76.171875,65.4296875,0.0
1760485179.4158528,-1.46484375,-179.19921875,-89.84375,74.70703125,0.0
1760485179.4196198,55.17578125,-355.95703125,-74.21875,69.3359375,0.0
1760485179.4233868,55.17578125,315.4296875,0.9765625,-17.08984375,0.0
1760485179.4271538,38.57421875,495.60546875,-21.97265625,5.37109375,0.0
1760485179.4309208,-18.06640625,292.48046875,-50.29296875,20.99609375,0.0
1760485179.4362793,-52.734375,446.2890625,-51.7578125,3.41796875,0.0
1760485179.4400496,66.89453125,663.0859375,-3.41796875,0.9765625,0.0
1760485179.4438198,113.28125,592.7734375,-45.41015625,16.11328125,0.0
1760485179.44759,41.015625,440.91796875,-42.96875,33.69140625,0.0
1760485179.4513602,-26.3671875,402.34375,-64.453125,15.625,0.0
1760485179.4551303,78.61328125,332.03125,-53.7109375,27.34375,0.0
1760485179.4589007,144.04296875,266.11328125,-72.75390625,55.17578125,0.0
1760485179.4626708,125.48828125,-233.88671875,-84.9609375,96.19140625,0.0
1760485179.4664412,-22.4609375,-189.453125,-56.15234375,25.87890625,0.0
1760485179.4702113,-20.99609375,399.4140625,-12.20703125,-43.9453125,0.0
1760485179.4739816,115.234375,357.91015625,-38.0859375,26.85546875,0.0
1760485179.4777517,95.21484375,231.93359375,-32.2265625,45.41015625,0.0
1760485179.4829893,-34.66796875,273.92578125,-30.2734375,2.44140625,0.0
1760485179.4867625,-16.11328125,286.1328125,-46.38671875,7.8125,0.0
1760485179.4905355,104.4921875,65.4296875,-48.828125,58.10546875,0.0
1760485179.4943087,84.9609375,-17.578125,-33.69140625,50.78125,0.0
1760485179.498082,-17.08984375,114.2578125,-20.5078125,6.34765625,0.0
1760485179.501855,-42.48046875,-14.6484375,-73.2421875,0.0,0.0
1760485179.505628,92.28515625,-351.5625,-73.73046875,77.1484375,0.0
1760485179.509401,139.16015625,-570.80078125,-79.58984375,92.7734375,0.0
1760485179.5131743,-17.08984375,-27.34375,-8.7890625,-26.3671875,0.0
1760485179.5169475,-89.35546875,166.015625,-49.31640625,-29.296875,0.0
1760485179.5207205,61.03515625,-166.9921875,-67.87109375,23.4375,0.0
1760485179.5244937,119.62890625,-104.00390625,-60.05859375,21.97265625,0.0
1760485179.5296268,54.19921875,82.03125,-18.5546875,8.30078125,0.0
1760485179.5334027,-46.875,-68.359375,-58.59375,7.8125,0.0
1760485179.5371783,5.37109375,-215.8203125,-53.7109375,15.625,0.0
1760485179.540954,90.33203125,-101.5625,-25.390625,24.90234375,0.0
1760485179.54473,46.38671875,97.16796875,-13.18359375,9.27734375,0.0
1760485179.5485055,-34.66796875,-55.17578125,-37.59765625,10.25390625,0.0
1760485179.5522814,32.2265625,-640.625,-99.12109375,76.171875,0.0
1760485179.5560572,124.51171875,-571.77734375,-51.7578125,54.6875,0.0
1760485179.5598328,69.3359375,97.65625,-5.859375,-13.671875,0.0
1760485179.5636086,-18.5546875,13.18359375,-10.25390625,-5.859375,0.0
1760485179.5673845,-54.19921875,-205.078125,-64.453125,10.25390625,0.0
1760485179.57116,46.875,58.10546875,-20.01953125,-0.9765625,0.0
1760485179.576167,110.3515625,123.53515625,-46.875,25.390625,0.0
1760485179.5799453,75.68359375,-138.671875,-60.546875,53.22265625,0.0
1760485179.5837233,-33.203125,-93.26171875,-71.77734375,8.7890625,0.0
1760485179.5875015,14.16015625,179.6875,-35.64453125,-14.16015625,0.0
1760485179.5912795,91.30859375,249.51171875,-52.24609375,-6.34765625,0.0
1760485179.5950577,91.796875,-176.7578125,-97.16796875,41.015625,0.0
1760485179.5988357,-15.13671875,-508.30078125,-102.5390625,41.9921875,0.0
1760485179.6026137,-25.87890625,-258.7890625,-43.45703125,-18.5546875,0.0
1760485179.606392,44.921875,35.15625,-18.5546875,-31.25,0.0
1760485179.61017,67.87109375,-228.02734375,-77.1484375,19.04296875,0.0
1760485179.613948,-11.71875,-266.6015625,-74.70703125,-0.48828125,0.0
1760485179.617726,-36.62109375,137.20703125,-61.5234375,-40.52734375,0.0
1760485179.6234388,105.95703125,54.6875,-69.3359375,20.99609375,0.0
1760485179.6272206,122.0703125,-107.421875,-94.23828125,21.484375,0.0
1760485179.6310022,23.92578125,-59.08203125,-67.87109375,-18.06640625,0.0
1760485179.634784,-46.875,-18.06640625,-84.9609375,-26.85546875,0.0
1760485179.6385655,42.48046875,29.296875,-71.77734375,-13.18359375,0.0
1760485179.6423473,86.42578125,-91.30859375,-111.328125,21.484375,0.0
1760485179.646129,-34.66796875,-109.375,-82.03125,-7.8125,0.0
1760485179.6499107,-178.22265625,240.72265625,-77.1484375,-39.55078125,0.0
1760485179.6536922,-75.1953125,325.1953125,-80.078125,1.953125,0.0
1760485179.657474,61.5234375,-104.98046875,-106.4453125,62.01171875,0.0
1760485179.6612556,-9.27734375,50.78125,-62.98828125,7.8125,0.0
1760485179.6650374,-132.32421875,470.703125,-49.8046875,-48.33984375,0.0
1760485179.670582,-50.78125,204.58984375,-98.14453125,-5.37109375,0.0
1760485179.674367,83.0078125,58.59375,-102.05078125,20.01953125,0.0
1760485179.6781518,47.8515625,346.6796875,-81.54296875,-20.5078125,0.0
1760485179.6819367,-54.19921875,452.1484375,-67.3828125,-55.17578125,0.0
1760485179.6857216,-50.29296875,206.0546875,-110.83984375,-33.203125,0.0
1760485179.6895063,71.77734375,-17.08984375,-85.9375,1.953125,0.0
1760485179.6932912,79.1015625,10.25390625,-90.8203125,-5.859375,0.0
1760485179.697076,-9.765625,54.19921875,-75.1953125,-22.4609375,0.0
1760485179.700861,-31.73828125,-258.30078125,-125.0,10.7421875,0.0
1760485179.7046459,73.73046875,-468.75,-95.21484375,29.296875,0.0
1760485179.7084308,61.03515625,103.515625,-56.640625,-28.80859375,0.0
1760485179.7122157,0.0,361.328125,-33.203125,-27.34375,0.0
1760485179.7175927,-74.21875,117.1875,-68.84765625,-35.64453125,0.0
1760485179.7213802,-11.71875,114.2578125,-65.91796875,-59.08203125,0.0
1760485179.725168,61.03515625,261.23046875,-61.5234375,-12.20703125,0.0
1760485179.7289557,16.6015625,230.95703125,-59.5703125,6.34765625,0.0
1760485179.7327435,-61.03515625,95.703125,-80.56640625,-18.5546875,0.0
1760485179.736531,-25.87890625,-85.9375,-100.09765625,-20.01953125,0.0
1760485179.7403188,68.359375,48.828125,-58.10546875,-18.06640625,0.0
1760485179.7441065,61.03515625,253.90625,-71.77734375,-1.46484375,0.0
1760485179.747894,-23.4375,-395.5078125,-117.1875,60.546875,0.0
1760485179.7516818,-130.37109375,-413.57421875,-116.69921875,-14.16015625,0.0
1760485179.7554696,-51.7578125,241.69921875,-58.59375,-67.87109375,0.0
1760485179.7592573,45.41015625,65.91796875,-106.4453125,-8.30078125,0.0
1760485179.7645214,11.23046875,-197.75390625,-117.67578125,-7.8125,0.0
1760485179.7683117,-82.51953125,-51.26953125,-120.60546875,-35.15625,0.0
1760485179.7721019,-14.6484375,76.66015625,-92.28515625,-32.71484375,0.0
1760485179.7758923,63.96484375,-119.62890625,-118.65234375,14.16015625,0.0
1760485179.7796824,24.90234375,-168.45703125,-93.75,13.671875,0.0
1760485179.7834728,-45.8984375,-176.7578125,-107.421875,-6.34765625,0.0
1760485179.787263,-6.8359375,-165.52734375,-90.33203125,-8.30078125,0.0
1760485179.791053,88.37890625,-339.35546875,-101.5625,48.828125,0.0
1760485179.7948434,40.0390625,-512.6953125,-101.07421875,31.73828125,0.0
1760485179.7986336,-107.91015625,36.62109375,-50.78125,-73.73046875,0.0
1760485179.802424,-76.171875,62.01171875,-107.91015625,-29.296875,0.0
1760485179.806214,25.390625,-218.26171875,-112.3046875,4.8828125,0.0
1760485179.8113647,19.04296875,-69.3359375,-107.91015625,-21.484375,0.0
1760485179.8151572,-50.29296875,130.859375,-85.9375,-58.10546875,0.0
1760485179.8189497,-76.66015625,98.14453125,-112.79296875,-59.08203125,0.0
1760485179.8227422,39.55078125,-66.89453125,-90.8203125,-27.34375,0.0
1760485179.8265347,58.59375,-102.5390625,-107.421875,-3.41796875,0.0
1760485179.8303273,5.37109375,-287.59765625,-109.86328125,-1.953125,0.0
1760485179.83412,-57.12890625,-481.4453125,-136.23046875,-27.83203125,0.0
1760485179.8379126,6.34765625,-751.953125,-118.65234375,16.6015625,0.0
1760485179.841705,26.3671875,-566.89453125,-93.75,-6.34765625,0.0
1760485179.8454976,-47.36328125,-61.03515625,-70.3125,-75.1953125,0.0
1760485179.8492901,-98.6328125,-178.22265625,-85.44921875,-64.94140625,0.0
1760485179.853083,-47.8515625,-244.140625,-86.9140625,-45.41015625,0.0
1760485179.8581197,35.15625,-10.25390625,-84.9609375,-29.296875,0.0
1760485179.8619144,44.921875,-22.4609375,-101.5625,-2.9296875,0.0
1760485179.865709,-3.41796875,-320.80078125,-121.58203125,20.01953125,0.0
1760485179.8695037,-44.43359375,-239.74609375,-112.3046875,-4.8828125,0.0
1760485179.8732984,31.73828125,-3.41796875,-77.63671875,-8.7890625,0.0
1760485179.877093,70.3125,-62.01171875,-119.62890625,-6.34765625,0.0
1760485179.8808877,56.640625,-414.55078125,-150.87890625,14.16015625,0.0
1760485179.8846824,8.30078125,-710.44921875,-177.734375,6.8359375,0.0
1760485179.8884768,-35.15625,-78.61328125,-87.40234375,-96.19140625,0.0
1760485179.8922715,-11.23046875,363.28125,-101.07421875,-71.2890625,0.0
1760485179.8960662,20.99609375,-138.671875,-133.30078125,24.4140625,0.0
1760485179.8998609,-68.84765625,-167.48046875,-133.30078125,-13.671875,0.0
1760485179.9047885,-55.17578125,333.49609375,-88.37890625,-77.1484375,0.0
1760485179.908585,39.0625,330.078125,-119.140625,-29.78515625,0.0
1760485179.9123814,26.3671875,143.06640625,-140.13671875,-13.18359375,0.0
1760485179.916178,-42.96875,-20.01953125,-149.90234375,-45.41015625,0.0
1760485179.9199746,-29.78515625,11.71875,-134.27734375,-50.29296875,0.0
1760485179.923771,37.109375,43.9453125,-117.67578125,-22.94921875,0.0
1760485179.9275675,89.84375,-437.5,-165.0390625,35.64453125,0.0
1760485179.931364,-9.765625,-357.91015625,-115.72265625,-41.50390625,0.0
1760485179.9351604,-109.375,298.828125,-99.609375,-127.44140625,0.0
1760485179.938957,-1.953125,252.9296875,-125.0,-45.41015625,0.0
1760485179.9427536,20.5078125,60.546875,-150.390625,-2.44140625,0.0
1760485179.94655,-70.3125,224.12109375,-112.3046875,-49.8046875,0.0
1760485179.9513888,-111.328125,252.44140625,-141.6015625,-56.15234375,0.0
1760485179.955187,-2.44140625,58.10546875,-119.140625,-15.13671875,0.0
1760485179.958985,64.94140625,-11.23046875,-133.7890625,2.44140625,0.0
1760485179.9627833,1.953125,220.703125,-100.09765625,-22.94921875,0.0
1760485179.9665813,-84.9609375,265.625,-108.3984375,-46.875,0.0
1760485179.9703796,11.23046875,-140.13671875,-133.7890625,15.13671875,0.0
1760485179.9741778,93.26171875,-437.5,-135.7421875,51.7578125,0.0
1760485179.9779758,12.6953125,-86.42578125,-96.19140625,-34.66796875,0.0
1760485179.981774,-51.7578125,53.7109375,-86.42578125,-52.24609375,0.0
1760485179.9855723,-17.578125,-56.640625,-112.3046875,-27.83203125,0.0
1760485179.9893703,45.41015625,123.53515625,-84.47265625,-35.64453125,0.0
1760485179.9931686,21.97265625,413.57421875,-84.47265625,-59.08203125,0.0
1760485179.9986317,-29.78515625,303.7109375,-109.375,-47.36328125,0.0
1760485180.0024326,-37.59765625,-75.1953125,-166.9921875,-33.69140625,0.0
1760485180.0062332,-6.34765625,1.46484375,-109.375,-52.734375,0.0
1760485180.010034,-21.97265625,219.23828125,-106.4453125,-51.26953125,0.0
1760485180.013835,-53.7109375,59.5703125,-115.72265625,-43.9453125,0.0
1760485180.0176356,-97.65625,-321.2890625,-146.484375,-28.3203125,0.0
1760485180.0214365,-48.828125,-284.1796875,-100.09765625,-45.41015625,0.0
1760485180.0252373,-10.25390625,99.609375,-83.49609375,-68.359375,0.0
1760485180.029038,-2.9296875,36.62109375,-101.07421875,-20.99609375,0.0
1760485180.0328388,-37.109375,-495.60546875,-140.13671875,15.13671875,0.0
1760485180.0366395,-61.5234375,-472.16796875,-114.74609375,-42.96875,0.0
1760485180.0404403,-23.4375,-62.98828125,-83.0078125,-58.59375,0.0
1760485180.0457573,20.5078125,-201.66015625,-101.07421875,-22.4609375,0.0
1760485180.0495605,-9.27734375,-384.27734375,-111.81640625,-13.18359375,0.0
1760485180.0533636,-30.76171875,-284.66796875,-111.328125,-21.97265625,0.0
1760485180.0571666,35.64453125,-132.8125,-79.58984375,-13.18359375,0.0
1760485180.0609698,67.3828125,-177.24609375,-104.4921875,19.53125,0.0
1760485180.0647728,37.59765625,-440.91796875,-113.76953125,22.94921875,0.0
1760485180.068576,-10.25390625,-510.25390625,-134.765625,-13.18359375,0.0
1760485180.072379,10.7421875,-368.1640625,-92.7734375,-24.4140625,0.0
1760485180.0761824,62.5,-601.07421875,-135.25390625,59.08203125,0.0
1760485180.0799854,37.109375,-792.96875,-120.60546875,58.59375,0.0
1760485180.0837886,-103.02734375,-224.609375,-78.125,-73.2421875,0.0
1760485180.0875916,-8.7890625,-228.02734375,-107.91015625,-28.3203125,0.0
1760485180.0928023,83.0078125,-468.26171875,-133.30078125,26.85546875,0.0
1760485180.0966074,20.5078125,-260.7421875,-91.30859375,-14.6484375,0.0
1760485180.1004126,-86.42578125,-148.92578125,-106.93359375,-64.453125,0.0
1760485180.104218,-72.75390625,-305.17578125,-137.6953125,-53.22265625,0.0
1760485180.1080232,-5.37109375,-445.3125,-119.62890625,-21.97265625,0.0
1760485180.1118283,-24.4140625,-425.29296875,-105.95703125,-30.2734375,0.0
1760485180.1156337,-75.1953125,-399.90234375,-102.05078125,-52.734375,0.0
1760485180.119439,-88.8671875,-252.44140625,-112.79296875,-68.84765625,0.0
1760485180.1232443,36.1328125,-611.328125,-124.0234375,4.39453125,0.0
1760485180.1270494,0.48828125,-501.46484375,-119.140625,-28.80859375,0.0
1760485180.1308546,-115.72265625,157.71484375,-80.56640625,-113.76953125,0.0
1760485180.13466,-146.97265625,7.32421875,-145.01953125,-78.125,0.0
1760485180.139747,-98.14453125,-45.41015625,-124.0234375,-64.453125,0.0
1760485180.1435542,-61.03515625,241.69921875,-127.9296875,-62.01171875,0.0
1760485180.1473613,-94.7265625,276.85546875,-128.90625,-48.828125,0.0
1760485180.1511686,-160.15625,238.76953125,-139.6484375,-55.17578125,0.0
1760485180.1549757,-104.4921875,289.55078125,-115.72265625,-39.0625,0.0
1760485180.1587827,-41.015625,397.4609375,-98.6328125,-32.2265625,0.0
1760485180.16259,-30.2734375,459.47265625,-93.75,-42.96875,0.0
1760485180.166397,-43.9453125,177.24609375,-119.62890625,-6.34765625,0.0
1760485180.1702044,-46.875,-84.47265625,-126.46484375,9.27734375,0.0
1760485180.1740115,-61.03515625,547.8515625,-61.5234375,-68.359375,0.0
1760485180.1778185,-35.15625,831.54296875,-81.0546875,-42.96875,0.0
1760485180.1816258,-42.48046875,520.5078125,-104.00390625,-30.76171875,0.0
1760485180.1866128,-72.75390625,431.15234375,-123.53515625,-67.87109375,0.0
1760485180.1904216,-20.5078125,580.56640625,-89.35546875,-55.17578125,0.0
1760485180.1942306,-6.34765625,528.80859375,-120.1171875,-18.06640625,0.0
1760485180.1980395,-44.921875,295.41015625,-109.86328125,-17.08984375,0.0
1760485180.2018483,-89.84375,170.41015625,-107.421875,-39.55078125,0.0
1760485180.2056572,-12.6953125,41.015625,-96.19140625,-24.4140625,0.0
1760485180.2094662,27.83203125,82.51953125,-106.4453125,-8.7890625,0.0
1760485180.213275,27.34375,-241.69921875,-122.55859375,32.2265625,0.0
1760485180.217084,-40.52734375,-220.703125,-120.60546875,-18.06640625,0.0
1760485180.2208927,-76.171875,350.5859375,-78.61328125,-86.42578125,0.0
1760485180.2247016,-0.48828125,254.39453125,-100.09765625,-20.01953125,0.0
1760485180.2285106,-2.44140625,153.3203125,-107.421875,-0.9765625,0.0
1760485180.2334986,0.0,272.4609375,0.0,-45.41015625,0.0
1760485180.2373092,0.0,384.765625,0.0,-40.52734375,0.0
1760485180.2411196,0.0,134.765625,0.0,20.99609375,0.0
1760485180.2449303,0.0,79.1015625,0.0,4.39453125,0.0
1760485180.248741,0.0,368.65234375,0.0,-41.9921875,0.0
1760485180.2525516,0.0,264.16015625,0.0,-25.390625,0.0
1760485180.256362,0.0,-107.91015625,0.0,33.69140625,0.0
1760485180.2601726,0.0,-385.7421875,0.0,62.5,0.0
1760485180.2639832,0.0,29.296875,0.0,-26.85546875,0.0
1760485180.2677937,0.0,402.83203125,0.0,-64.94140625,0.0
1760485180.2716043,0.0,210.9375,0.0,-5.859375,0.0
1760485180.275415,0.0,105.95703125,0.0,18.5546875,0.0
1760485180.280204,-40.0390625,417.96875,-73.73046875,-23.92578125,0.0
1760485180.284016,-75.1953125,420.8984375,-98.6328125,-20.01953125,0.0
1760485180.287828,-34.1796875,152.34375,-121.58203125,10.25390625,0.0
1760485180.2916398,8.30078125,275.390625,-78.61328125,8.7890625,0.0
1760485180.2954519,-5.859375,535.15625,-67.87109375,-6.8359375,0.0
1760485180.299264,-21.97265625,353.02734375,-101.5625,4.8828125,0.0
1760485180.3030758,22.4609375,-299.8046875,-137.6953125,43.9453125,0.0
1760485180.3068879,41.015625,-198.2421875,-77.63671875,-6.8359375,0.0
1760485180.3106997,-14.6484375,558.59375,-59.5703125,-54.19921875,0.0
1760485180.3145118,-25.390625,483.3984375,-81.0546875,-10.25390625,0.0
1760485180.3183236,-55.6640625,306.640625,-96.6796875,-4.8828125,0.0
1760485180.3221357,-14.6484375,431.15234375,-62.01171875,-23.4375,0.0
1760485180.326839,15.625,493.1640625,-85.9375,-4.39453125,0.0
1760485180.3306522,-1.953125,320.80078125,-85.44921875,26.85546875,0.0
1760485180.3344655,-22.94921875,146.484375,-98.14453125,2.9296875,0.0
1760485180.3382788,-26.3671875,363.28125,-51.7578125,-30.76171875,0.0
1760485180.3420918,-29.296875,517.08984375,-58.59375,-16.6015625,0.0
1760485180.345905,8.7890625,69.82421875,-104.4921875,66.89453125,0.0
1760485180.3497183,-28.3203125,-398.92578125,-107.421875,62.01171875,0.0
1760485180.3535314,-66.89453125,-55.17578125,-62.5,-39.55078125,0.0
1760485180.3573446,14.16015625,262.20703125,-47.36328125,-9.27734375,0.0
1760485180.361158,47.36328125,20.01953125,-80.078125,56.15234375,0.0
1760485180.3649712,-30.2734375,-49.31640625,-61.5234375,1.953125,0.0
1760485180.3687842,-79.58984375,188.4765625,-47.8515625,-44.921875,0.0
1760485180.3740253,10.25390625,80.078125,-47.36328125,7.32421875,0.0
1760485180.3778405,20.01953125,78.61328125,-57.12890625,7.8125,0.0
1760485180.3816557,-33.203125,306.640625,-33.69140625,-28.80859375,0.0
1760485180.3854709,-59.08203125,352.05078125,-84.47265625,-35.64453125,0.0
1760485180.389286,13.18359375,293.9453125,-74.21875,-23.4375,0.0
1760485180.3931012,94.23828125,-44.43359375,-96.6796875,30.76171875,0.0
1760485180.3969164,63.4765625,-54.6875,-68.359375,5.859375,0.0
1760485180.4007316,-45.41015625,328.61328125,-62.98828125,-46.38671875,0.0
1760485180.4045467,-34.1796875,248.046875,-67.3828125,-17.08984375,0.0
1760485180.408362,35.15625,-106.4453125,-55.17578125,9.27734375,0.0
1760485180.4121768,11.23046875,-52.734375,-30.2734375,-25.390625,0.0
1760485180.415992,-58.59375,68.84765625,-47.36328125,-52.734375,0.0
1760485180.4211202,-26.3671875,-246.09375,-78.125,-31.73828125,0.0
1760485180.4249372,43.45703125,-337.890625,-56.640625,-2.9296875,0.0
1760485180.428754,30.2734375,-301.7578125,-66.89453125,-11.23046875,0.0
1760485180.432571,-21.484375,-287.59765625,-62.5,-43.45703125,0.0
1760485180.436388,-40.0390625,-315.4296875,-84.47265625,-26.3671875,0.0
1760485180.4402049,38.57421875,-591.796875,-76.66015625,25.87890625,0.0
1760485180.4440217,24.90234375,-601.07421875,-85.44921875,20.99609375,0.0
1760485180.4478385,-49.31640625,-470.703125,-52.734375,-39.55078125,0.0
1760485180.4516556,-27.83203125,-721.6796875,-95.703125,-10.7421875,0.0
1760485180.4554725,59.5703125,-835.9375,-92.7734375,29.78515625,0.0
1760485180.4592893,15.625,-405.2734375,-53.22265625,-33.69140625,0.0
1760485180.4631064,-32.71484375,-286.62109375,-50.78125,-15.625,0.0
1760485180.4681394,-53.22265625,-503.41796875,-81.54296875,-7.32421875,0.0
1760485180.471958,-16.6015625,-574.70703125,-73.2421875,-12.6953125,0.0
1760485180.4757764,44.921875,-491.69921875,-56.15234375,18.06640625,0.0
1760485180.479595,66.40625,-578.61328125,-78.125,41.50390625,0.0
1760485180.4834135,43.45703125,-831.0546875,-88.37890625,40.52734375,0.0
1760485180.487232,68.84765625,-987.79296875,-104.00390625,35.15625,0.0
1760485180.4910505,142.578125,-997.55859375,-94.23828125,53.7109375,0.0
1760485180.494869,137.20703125,-982.91015625,-86.42578125,43.45703125,0.0
1760485180.4986875,117.67578125,-1000.0,-105.46875,67.3828125,0.0
1760485180.502506,14.16015625,-948.73046875,-101.5625,31.25,0.0
1760485180.5063245,-17.578125,-608.88671875,-10.7421875,-22.4609375,0.0
1760485180.510143,76.66015625,-637.20703125,-62.01171875,44.921875,0.0
1760485180.5150795,69.3359375,-868.1640625,-71.77734375,52.24609375,0.0
1760485180.5188997,-7.8125,-774.4140625,-58.59375,2.44140625,0.0
1760485180.5227196,27.83203125,-676.7578125,-33.69140625,19.53125,0.0
1760485180.5265396,89.84375,-778.3203125,-56.640625,71.2890625,0.0
1760485180.5303595,95.21484375,-890.13671875,-55.17578125,50.29296875,0.0
1760485180.5341794,34.1796875,-892.08984375,-58.10546875,8.7890625,0.0
1760485180.5379994,17.08984375,-1000.0,-41.50390625,2.44140625,0.0
1760485180.5418196,87.890625,-1000.0,-49.8046875,71.2890625,0.0
1760485180.5456395,83.49609375,-988.76953125,-65.4296875,76.171875,0.0
1760485180.5494595,-45.8984375,-977.5390625,-5.37109375,-62.98828125,0.0
1760485180.5532794,-39.0625,-999.51171875,-39.0625,-42.96875,0.0
1760485180.5570993,69.3359375,-1000.0,-62.98828125,30.76171875,0.0
1760485180.5619543,49.8046875,-999.0234375,-45.41015625,16.6015625,0.0
1760485180.5657756,-40.0390625,-1000.0,-6.34765625,-33.203125,0.0
1760485180.569597,-45.41015625,-1000.0,-62.5,-9.765625,0.0
1760485180.5734184,11.71875,-1000.0,-50.78125,13.671875,0.0
1760485180.5772395,22.4609375,-1000.0,-42.96875,20.01953125,0.0
1760485180.581061,33.69140625,-1000.0,-42.96875,39.55078125,0.0
1760485180.5848823,-6.34765625,-1000.0,-67.87109375,-2.44140625,0.0
1760485180.5887036,57.6171875,-1000.0,-63.4765625,33.203125,0.0
1760485180.5925248,77.63671875,-1000.0,-35.15625,14.6484375,0.0
1760485180.5963461,1.46484375,-1000.0,-5.859375,-52.734375,0.0
1760485180.6001675,-13.18359375,-1000.0,-41.015625,-9.765625,0.0
1760485180.6039886,-9.765625,-1000.0,-48.33984375,-17.578125,0.0
1760485180.6087599,14.16015625,-1000.0,-30.76171875,-36.1328125,0.0
1760485180.6125824,18.5546875,-1000.0,-53.7109375,-31.73828125,0.0
1760485180.616405,9.765625,-1000.0,-78.125,-22.4609375,0.0
1760485180.6202273,-4.39453125,-1000.0,-92.28515625,-19.04296875,0.0
1760485180.62405,30.2734375,-1000.0,-39.55078125,-28.80859375,0.0
1760485180.6278725,68.359375,-1000.0,-56.640625,-14.16015625,0.0
1760485180.631695,86.42578125,-1000.0,-91.30859375,29.296875,0.0
1760485180.6355174,40.52734375,-1000.0,-105.95703125,11.23046875,0.0
1760485180.63934,6.8359375,-1000.0,-16.6015625,-67.3828125,0.0
1760485180.6431625,59.08203125,-1000.0,-30.76171875,-27.34375,0.0
1760485180.646985,85.9375,-1000.0,-46.38671875,8.30078125,0.0
1760485180.6508074,5.859375,-1000.0,-44.43359375,-37.109375,0.0
1760485180.6554966,-61.03515625,-1000.0,-40.0390625,-23.4375,0.0
1760485180.65932,-32.71484375,-1000.0,-34.66796875,37.59765625,0.0
1760485180.6631436,0.9765625,-1000.0,-26.85546875,18.06640625,0.0
1760485180.6669672,-52.24609375,-1000.0,-26.85546875,-55.17578125,0.0
1760485180.670791,-58.10546875,-1000.0,-47.8515625,-61.5234375,0.0
1760485180.6746144,40.52734375,-1000.0,-52.734375,1.953125,0.0
1760485180.678438,89.35546875,-1000.0,-67.87109375,64.94140625,0.0
1760485180.6822615,-12.20703125,-1000.0,-25.390625,-15.13671875,0.0
1760485180.6860852,-90.8203125,-1000.0,-6.34765625,-109.375,0.0
1760485180.6899087,24.90234375,-1000.0,-11.23046875,-41.50390625,0.0
1760485180.6937323,82.03125,-1000.0,-47.36328125,-5.859375,0.0
1760485180.697556,26.3671875,-1000.0,-15.13671875,-53.22265625,0.0
1760485180.7021806,-31.73828125,-1000.0,-12.20703125,-89.84375,0.0
1760485180.7060053,43.45703125,-1000.0,-19.04296875,-40.52734375,0.0
1760485180.7098298,64.94140625,-994.62890625,-39.55078125,-11.71875,0.0
1760485180.7136545,-13.18359375,-987.79296875,-8.7890625,-38.0859375,0.0
1760485180.717479,-113.76953125,-943.84765625,-8.30078125,-83.984375,0.0
1760485180.7213035,-48.33984375,-957.03125,-43.45703125,-42.48046875,0.0
1760485180.7251282,56.15234375,-1000.0,-47.36328125,27.83203125,0.0
1760485180.7289526,-12.6953125,-999.51171875,-2.44140625,-22.4609375,0.0
1760485180.7327774,-90.8203125,-892.08984375,12.20703125,-74.21875,0.0
1760485180.7366018,-19.53125,-927.24609375,-34.66796875,-5.859375,0.0
1760485180.7404263,41.015625,-921.875,-5.859375,34.66796875,0.0
1760485180.744251,-30.2734375,-692.3828125,12.20703125,-38.57421875,0.0
1760485180.7493336,-61.03515625,-649.90234375,8.30078125,-38.57421875,0.0
1760485180.7531598,-53.22265625,-858.3984375,-18.06640625,-11.23046875,0.0
1760485180.756986,9.27734375,-826.171875,0.48828125,0.9765625,0.0
1760485180.7608118,20.5078125,-627.9296875,-20.99609375,-2.44140625,0.0
1760485180.764638,11.71875,-694.3359375,-12.6953125,-0.9765625,0.0
1760485180.768464,-7.8125,-882.32421875,-15.13671875,-5.859375,0.0
1760485180.7722902,20.5078125,-919.43359375,16.11328125,-6.8359375,0.0
1760485180.7761161,55.17578125,-717.7734375,19.53125,-7.32421875,0.0
1760485180.7799423,18.5546875,-591.796875,8.7890625,-19.53125,0.0
1760485180.7837684,-35.15625,-839.84375,-25.390625,-2.9296875,0.0
1760485180.7875946,-50.29296875,-720.21484375,-3.41796875,-25.390625,0.0
1760485180.7914205,-25.87890625,-377.44140625,15.625,-32.71484375,0.0
1760485180.796429,8.30078125,-528.80859375,-36.62109375,9.765625,0.0
1760485180.8002563,-26.3671875,-786.1328125,-46.38671875,-7.8125,0.0
1760485180.8040838,-70.80078125,-700.68359375,-41.9921875,-64.453125,0.0
1760485180.8079114,-3.41796875,-607.91015625,-30.2734375,-41.015625,0.0
1760485180.8117387,37.109375,-711.42578125,-48.828125,9.27734375,0.0
1760485180.8155663,-10.25390625,-902.34375,-50.29296875,0.9765625,0.0
1760485180.8193939,-82.03125,-878.41796875,-68.359375,-48.33984375,0.0
1760485180.8232212,-42.48046875,-840.8203125,-36.62109375,-48.828125,0.0
1760485180.8270488,34.1796875,-932.12890625,-80.078125,37.109375,0.0
1760485180.8308764,-2.9296875,-885.7421875,-79.58984375,29.296875,0.0
1760485180.8347037,-144.53125,-542.96875,-44.43359375,-110.83984375,0.0
1760485180.8385313,-96.19140625,-361.81640625,-31.25,-104.4921875,0.0
1760485180.8434432,-4.8828125,-451.171875,-43.9453125,-43.9453125,0.0
1760485180.847272,-26.3671875,-461.42578125,-41.50390625,-37.59765625,0.0
1760485180.8511007,-124.0234375,-329.1015625,-35.15625,-59.5703125,0.0
1760485180.8549294,-130.859375,-371.09375,-62.5,-50.78125,0.0
1760485180.8587582,-40.0390625,-483.3984375,-58.59375,-17.578125,0.0
1760485180.862587,-23.4375,-462.890625,-49.8046875,-12.20703125,0.0
1760485180.8664157,-82.51953125,-307.12890625,-25.87890625,-64.453125,0.0
1760485180.8702445,-97.65625,-103.515625,-46.38671875,-87.40234375,0.0
1760485180.8740733,30.76171875,-528.80859375,-80.078125,-9.765625,0.0
1760485180.877902,14.16015625,-498.046875,-76.66015625,-43.45703125,0.0
1760485180.8817308,-72.265625,-0.9765625,-56.15234375,-83.984375,0.0
1760485180.8855596,-70.3125,-259.765625,-101.5625,-43.9453125,0.0
1760485180.8903966,-28.3203125,-214.84375,-56.640625,-48.828125,0.0
1760485180.8942266,12.6953125,108.3984375,-54.6875,-53.7109375,0.0
1760485180.8980565,20.01953125,197.265625,-58.10546875,-54.6875,0.0
1760485180.9018865,8.30078125,-85.9375,-96.19140625,-35.64453125,0.0
1760485180.9057164,21.97265625,-229.00390625,-85.44921875,-23.92578125,0.0
1760485180.9095464,7.8125,-146.97265625,-56.15234375,-21.97265625,0.0
1760485180.913376,-41.50390625,-176.7578125,-64.453125,-38.0859375,0.0
1760485180.917206,-54.6875,-517.08984375,-89.84375,-22.94921875,0.0
1760485180.921036,-57.6171875,-781.73828125,-102.5390625,-3.90625,0.0
1760485180.924866,-78.125,-201.66015625,-19.53125,-85.44921875,0.0
1760485180.928696,-42.96875,45.8984375,-21.484375,-79.58984375,0.0
1760485180.9325259,-35.15625,-181.15234375,-47.36328125,-42.48046875,0.0
1760485180.9372663,-62.5,-129.8828125,-62.01171875,-54.19921875,0.0
1760485180.9410973,-8.7890625,-32.2265625,-40.0390625,-20.5078125,0.0
1760485180.9449284,8.7890625,-83.984375,-64.94140625,14.6484375,0.0
1760485180.9487593,-45.41015625,-70.3125,-55.17578125,-24.90234375,0.0
1760485180.9525902,-88.37890625,-43.9453125,-69.82421875,-55.17578125,0.0
1760485180.9564211,-20.99609375,-143.06640625,-62.01171875,-22.4609375,0.0
1760485180.9602523,19.53125,-235.3515625,-71.2890625,2.9296875,0.0
1760485180.9640832,24.90234375,-588.37890625,-76.66015625,33.69140625,0.0
1760485180.967914,-60.546875,-579.58984375,-57.12890625,-30.76171875,0.0
1760485180.971745,-81.54296875,7.8125,-22.94921875,-99.609375,0.0
1760485180.9755762,35.15625,-62.5,-47.8515625,-24.90234375,0.0
1760485180.979407,36.62109375,-228.02734375,-63.96484375,-3.41796875,0.0
1760485180.984066,-61.03515625,-77.1484375,-25.87890625,-57.12890625,0.0
1760485180.9878979,-92.28515625,13.18359375,-34.66796875,-61.03515625,0.0
1760485180.9917297,-5.859375,-208.984375,-45.41015625,0.48828125,0.0
1760485180.9955618,42.48046875,-464.84375,-75.1953125,27.83203125,0.0
1760485180.9993937,-8.7890625,-471.6796875,-32.2265625,-12.20703125,0.0
1760485181.0032256,-70.80078125,-456.54296875,-37.109375,-47.36328125,0.0
1760485181.0070574,21.97265625,-712.890625,-63.96484375,6.8359375,0.0
1760485181.0108893,72.265625,-851.5625,-66.40625,43.9453125,0.0
1760485181.0147212,-17.08984375,-433.59375,-7.32421875,-43.45703125,0.0
1760485181.0185533,-47.8515625,-314.94140625,-40.0390625,-55.6640625,0.0
1760485181.0223851,16.6015625,-499.51171875,-47.8515625,4.8828125,0.0
1760485181.026217,17.578125,-357.421875,-26.3671875,16.11328125,0.0
1760485181.030811,-12.6953125,-83.49609375,-8.7890625,-5.859375,0.0
1760485181.034644,-8.7890625,-220.703125,-49.8046875,2.44140625,0.0
1760485181.0384765,19.53125,-433.10546875,-60.546875,24.4140625,0.0
1760485181.0423093,45.8984375,-398.4375,-17.578125,15.13671875,0.0
1760485181.046142,42.96875,-322.265625,-16.6015625,4.8828125,0.0
1760485181.049975,17.578125,-494.62890625,-24.4140625,-8.30078125,0.0
1760485181.0538075,50.78125,-892.08984375,-79.1015625,31.25,0.0
1760485181.0576403,81.54296875,-774.4140625,-29.78515625,14.6484375,0.0
1760485181.0614731,-12.20703125,-174.8046875,2.9296875,-62.01171875,0.0
1760485181.0653057,-77.63671875,-133.30078125,-19.04296875,-38.57421875,0.0
1760485181.0691385,-120.1171875,-371.09375,-65.4296875,-31.73828125,0.0
1760485181.0729713,-65.4296875,-356.93359375,-51.26953125,-37.109375,0.0
1760485181.0775099,-2.9296875,-149.90234375,-39.0625,-22.94921875,0.0
1760485181.0813434,19.53125,-325.1953125,-61.5234375,-0.48828125,0.0
1760485181.085177,-32.2265625,-541.50390625,-70.80078125,-21.97265625,0.0
1760485181.0890105,-58.10546875,-186.03515625,0.9765625,-50.29296875,0.0
1760485181.0928438,-19.53125,37.109375,-20.5078125,-27.34375,0.0
1760485181.0966773,19.04296875,-295.41015625,-81.0546875,25.87890625,0.0
1760485181.1005108,-20.01953125,-778.3203125,-119.140625,13.18359375,0.0
1760485181.1043444,-84.47265625,-483.88671875,-80.56640625,-80.56640625,0.0
1760485181.108178,-25.390625,-29.78515625,-48.828125,-75.68359375,0.0
1760485181.1120114,7.8125,-252.9296875,-87.890625,-22.94921875,0.0
1760485181.115845,-89.35546875,-327.1484375,-59.08203125,-55.17578125,0.0
1760485181.1196785,-142.08984375,-118.1640625,-64.453125,-85.44921875,0.0
1760485181.1246433,-37.109375,-87.890625,-68.84765625,-38.57421875,0.0
1760485181.128478,15.625,-208.49609375,-106.93359375,-0.9765625,0.0
1760485181.1323128,-35.15625,-263.671875,-99.12109375,-34.66796875,0.0
1760485181.1361475,-111.328125,-126.46484375,-96.19140625,-73.73046875,0.0
1760485181.1399822,-51.26953125,-150.87890625,-84.9609375,-37.59765625,0.0
1760485181.1438172,49.8046875,-508.7890625,-103.02734375,31.25,0.0
1760485181.147652,-9.27734375,-531.25,-51.26953125,-3.90625,0.0
1760485181.1514866,-116.2109375,-193.359375,-39.55078125,-78.61328125,0.0
1760485181.1553214,-29.296875,-212.40234375,-65.91796875,-40.0390625,0.0
1760485181.159156,91.796875,-602.5390625,-63.96484375,40.52734375,0.0
1760485181.1629908,4.39453125,-491.2109375,-42.48046875,-0.9765625,0.0
1760485181.1668255,-113.76953125,-289.0625,-42.48046875,-52.24609375,0.0
1760485181.1717012,-79.58984375,-616.69921875,-73.2421875,-33.69140625,0.0
1760485181.175537,-21.97265625,-532.71484375,-50.29296875,-21.97265625,0.0
1760485181.179373,-41.9921875,-198.73046875,-37.109375,-38.57421875,0.0
1760485181.183209,-94.23828125,-144.53125,-45.8984375,-57.6171875,0.0
1760485181.1870449,-88.8671875,-369.140625,-88.8671875,-36.62109375,0.0
1760485181.1908805,20.01953125,-567.87109375,-78.125,7.8125,0.0
1760485181.1947165,40.0390625,-434.5703125,-77.1484375,7.8125,0.0
1760485181.1985524,-41.9921875,-266.6015625,-53.7109375,-36.1328125,0.0
1760485181.2023883,-58.59375,-570.3125,-94.23828125,-12.20703125,0.0
1760485181.206224,22.94921875,-767.578125,-67.3828125,12.20703125,0.0
1760485181.21006,-0.9765625,-178.7109375,-17.578125,-45.41015625,0.0
1760485181.2138958,-41.015625,60.05859375,-28.3203125,-41.015625,0.0
1760485181.2187002,-126.46484375,-146.97265625,-50.78125,-47.36328125,0.0
1760485181.222537,-126.953125,-134.765625,-45.41015625,-52.24609375,0.0
1760485181.226374,-19.53125,-62.5,-30.2734375,-10.7421875,0.0
1760485181.2302108,-11.71875,-64.94140625,-32.2265625,-5.37109375,0.0
1760485181.234048,-75.1953125,-230.95703125,-43.45703125,-20.01953125,0.0
1760485181.2378848,-70.80078125,-428.7109375,-66.40625,-11.71875,0.0
1760485181.2417216,1.46484375,-305.6640625,-39.55078125,-11.71875,0.0
1760485181.2455585,1.953125,-73.73046875,-44.921875,-13.18359375,0.0
1760485181.2493954,-18.5546875,-576.66015625,-80.078125,24.90234375,0.0
1760485181.2532322,-86.42578125,-582.51953125,-75.1953125,-44.921875,0.0
1760485181.257069,-31.25,47.36328125,-17.578125,-68.84765625,0.0
1760485181.260906,60.546875,-120.1171875,-66.89453125,19.04296875,0.0
1760485181.265635,-13.18359375,-284.66796875,-57.12890625,3.90625,0.0
1760485181.2694728,-96.6796875,-180.6640625,-44.43359375,-58.59375,0.0
1760485181.2733107,-21.484375,-92.28515625,-33.203125,-51.26953125,0.0
1760485181.2771485,49.8046875,-136.71875,-36.1328125,2.44140625,0.0
1760485181.2809863,10.25390625,-409.1796875,-63.96484375,17.08984375,0.0
1760485181.2848241,-87.40234375,-457.03125,-72.75390625,-35.64453125,0.0
1760485181.2886617,-69.82421875,-381.8359375,-67.87109375,-46.875,0.0
1760485181.2924995,57.12890625,-566.40625,-65.4296875,25.390625,0.0
1760485181.2963374,55.17578125,-748.53515625,-67.3828125,36.1328125,0.0
1760485181.3001752,-100.09765625,-279.78515625,-29.296875,-71.77734375,0.0
1760485181.304013,-130.859375,-41.9921875,-44.921875,-80.56640625,0.0
1760485181.3078508,-7.32421875,-273.92578125,-59.5703125,-5.37109375,0.0
1760485181.3125162,22.4609375,-243.65234375,-74.70703125,1.953125,0.0
1760485181.316355,-59.08203125,-16.11328125,-50.78125,-56.640625,0.0
1760485181.3201935,-104.00390625,-26.85546875,-70.80078125,-65.4296875,0.0
1760485181.3240323,-41.015625,-137.20703125,-67.87109375,-49.8046875,0.0
1760485181.3278708,5.859375,-35.64453125,-82.03125,-29.296875,0.0
1760485181.3317096,-44.921875,-143.06640625,-82.51953125,-34.1796875,0.0
1760485181.3355482,-157.2265625,-321.2890625,-97.65625,-101.07421875,0.0
1760485181.339387,-68.359375,-688.4765625,-93.75,-51.7578125,0.0
1760485181.3432257,-34.66796875,-534.66796875,-58.59375,-67.3828125,0.0
1760485181.3470643,-116.2109375,78.61328125,-39.0625,-153.80859375,0.0
1760485181.350903,-153.3203125,-93.26171875,-73.2421875,-151.85546875,0.0
1760485181.3547416,-159.1796875,-242.67578125,-72.75390625,-150.87890625,0.0
1760485181.3593237,-104.98046875,-0.9765625,-41.50390625,-154.78515625,0.0
1760485181.3631632,-88.8671875,124.51171875,-62.01171875,-142.08984375,0.0
1760485181.3670027,-141.6015625,-151.85546875,-77.63671875,-131.34765625,0.0
1760485181.370842,-208.49609375,-277.34375,-84.47265625,-152.83203125,0.0
1760485181.3746815,-118.65234375,-48.828125,-37.109375,-140.625,0.0
1760485181.378521,-35.64453125,-29.296875,-65.91796875,-99.12109375,0.0
1760485181.3823602,-66.40625,-395.5078125,-95.21484375,-73.2421875,0.0
1760485181.3861997,-121.09375,-715.8203125,-107.91015625,-104.00390625,0.0
1760485181.3900392,-116.2109375,-115.72265625,-30.2734375,-170.8984375,0.0
1760485181.3938787,-24.4140625,160.64453125,-41.9921875,-98.14453125,0.0
1760485181.397718,-30.76171875,-160.15625,-68.84765625,-59.5703125,0.0
1760485181.4015574,-131.8359375,-175.78125,-68.84765625,-105.46875,0.0
1760485181.4060862,-105.95703125,-18.06640625,-56.640625,-119.62890625,0.0
1760485181.4099264,-21.97265625,90.33203125,-45.8984375,-85.44921875,0.0
1760485181.4137666,-13.671875,7.32421875,-52.734375,-69.3359375,0.0
1760485181.4176066,-89.84375,-92.7734375,-71.77734375,-104.00390625,0.0
1760485181.4214468,-86.9140625,-44.43359375,-92.28515625,-109.86328125,0.0
1760485181.4252868,22.94921875,-99.12109375,-78.125,-56.640625,0.0
1760485181.429127,52.734375,-607.91015625,-119.62890625,12.20703125,0.0
1760485181.4329672,-98.14453125,-621.58203125,-94.23828125,-61.03515625,0.0
1760485181.4368072,-191.40625,-77.1484375,-93.26171875,-145.5078125,0.0
1760485181.4406474,-66.40625,-125.48828125,-93.26171875,-69.3359375,0.0
1760485181.4444873,-17.578125,-143.06640625,-81.0546875,-33.203125,0.0
1760485181.4483275,-92.7734375,-28.80859375,-61.5234375,-62.98828125,0.0
1760485181.4527931,-171.875,-138.671875,-101.07421875,-74.21875,0.0
1760485181.4566338,-64.94140625,-392.08984375,-114.2578125,-45.8984375,0.0
1760485181.4604745,27.83203125,-265.13671875,-91.796875,-31.73828125,0.0
1760485181.4643152,-23.4375,-20.01953125,-70.80078125,-40.0390625,0.0
1760485181.4681559,-114.74609375,40.52734375,-84.9609375,-71.77734375,0.0
1760485181.4719968,-34.66796875,-261.23046875,-111.328125,-39.0625,0.0
1760485181.4758375,83.984375,-582.03125,-107.91015625,5.37109375,0.0
1760485181.4796782,22.94921875,-328.61328125,-79.58984375,-43.9453125,0.0
1760485181.4835188,-106.93359375,6.8359375,-61.03515625,-93.26171875,0.0
1760485181.4873595,-84.47265625,-281.73828125,-109.375,-47.8515625,0.0
1760485181.4912004,33.69140625,-497.55859375,-99.609375,-11.71875,0.0
1760485181.4950411,3.90625,38.0859375,-65.91796875,-76.171875,0.0
1760485181.499918,-71.2890625,85.9375,-69.3359375,-76.171875,0.0
1760485181.5037599,-98.6328125,-229.00390625,-110.83984375,-63.4765625,0.0
1760485181.5076015,-3.90625,-323.2421875,-79.58984375,-45.41015625,0.0
1760485181.5114434,30.76171875,-138.18359375,-57.6171875,-23.92578125,0.0
1760485181.515285,-22.4609375,8.30078125,-42.48046875,-43.45703125,0.0
1760485181.519127,-61.5234375,-389.6484375,-106.93359375,-51.26953125,0.0
1760485181.5229685,-14.6484375,-460.44921875,-96.6796875,-72.265625,0.0
1760485181.5268102,34.66796875,30.2734375,-59.5703125,-68.84765625,0.0
1760485181.530652,20.99609375,41.50390625,-88.37890625,-25.390625,0.0
1760485181.5344937,-56.640625,-436.5234375,-99.12109375,-15.625,0.0
1760485181.5383356,-83.984375,-344.7265625,-63.96484375,-57.12890625,0.0
1760485181.5421772,-14.16015625,117.1875,-40.0390625,-52.734375,0.0
1760485181.5469675,-9.765625,182.12890625,-62.98828125,-28.3203125,0.0
1760485181.5508103,-72.265625,24.4140625,-73.73046875,-36.1328125,0.0
1760485181.554653,-105.95703125,52.24609375,-90.33203125,-62.98828125,0.0
1760485181.5584955,-25.87890625,202.1484375,-63.96484375,-38.0859375,0.0
1760485181.562338,17.578125,80.078125,-86.42578125,0.0,0.0
1760485181.566181,-32.71484375,-144.04296875,-86.9140625,-20.01953125,0.0
1760485181.5700235,-77.63671875,-116.69921875,-88.37890625,-49.31640625,0.0
1760485181.5738661,-20.99609375,140.13671875,-45.41015625,-53.22265625,0.0
1760485181.577709,72.75390625,-2.9296875,-81.54296875,20.01953125,0.0
1760485181.5815516,28.80859375,-320.80078125,-80.56640625,20.5078125,0.0
1760485181.5853941,-127.9296875,188.4765625,-42.96875,-92.7734375,0.0
1760485181.589237,-61.5234375,448.73046875,-44.921875,-57.12890625,0.0
1760485181.593964,54.6875,267.578125,-55.17578125,10.25390625,0.0
1760485181.5978076,17.578125,336.42578125,-36.1328125,-7.32421875,0.0
1760485181.6016512,-68.359375,448.73046875,-37.59765625,-47.36328125,0.0
1760485181.6054947,-25.390625,254.8828125,-72.265625,-20.99609375,0.0
1760485181.6093383,85.9375,41.015625,-49.31640625,32.2265625,0.0
1760485181.6131818,81.54296875,-33.203125,-55.6640625,29.78515625,0.0
1760485181.6170254,-14.6484375,15.13671875,-33.203125,-20.5078125,0.0
1760485181.6208687,-42.96875,96.19140625,-52.734375,-34.1796875,0.0
1760485181.6247122,107.421875,-412.109375,-65.91796875,51.26953125,0.0
1760485181.6285558,98.6328125,-260.25390625,-37.59765625,27.83203125,0.0
1760485181.6323993,-43.9453125,395.5078125,-2.44140625,-37.59765625,0.0
1760485181.6362429,-54.19921875,174.31640625,-49.8046875,-12.20703125,0.0
1760485181.6409056,32.2265625,21.97265625,-33.203125,1.953125,0.0
1760485181.6447499,67.3828125,347.16796875,-15.625,-5.37109375,0.0
1760485181.6485941,37.109375,405.2734375,-38.57421875,-2.44140625,0.0
1760485181.6524384,-35.64453125,52.734375,-62.98828125,-5.37109375,0.0
1760485181.6562827,1.46484375,-15.13671875,-42.48046875,-17.08984375,0.0
1760485181.660127,104.00390625,62.5,-33.69140625,12.6953125,0.0
1760485181.6639712,89.84375,6.8359375,-44.43359375,25.87890625,0.0
1760485181.6678154,-2.44140625,-377.44140625,-69.82421875,31.73828125,0.0
1760485181.67166,-39.55078125,-708.984375,-84.47265625,31.73828125,0.0
1760485181.6755042,-8.7890625,-41.015625,-5.859375,-29.78515625,0.0
1760485181.6793485,47.8515625,123.046875,-35.64453125,9.765625,0.0
1760485181.6831927,-17.08984375,-193.84765625,-47.36328125,-0.48828125,0.0
1760485181.6877809,-90.8203125,-119.140625,-41.9921875,-51.7578125,0.0
1760485181.6916258,-3.41796875,84.47265625,-20.99609375,-20.99609375,0.0
1760485181.6954708,58.59375,258.30078125,-29.78515625,20.01953125,0.0
1760485181.6993158,26.3671875,105.95703125,-28.3203125,14.16015625,0.0
1760485181.703161,-54.19921875,45.8984375,-52.24609375,-32.2265625,0.0
1760485181.707006,-15.13671875,40.0390625,-44.921875,-11.71875,0.0
1760485181.710851,37.59765625,67.87109375,-41.015625,8.30078125,0.0
1760485181.714696,20.01953125,-348.6328125,-63.96484375,46.875,0.0
1760485181.718541,-92.28515625,-439.453125,-53.7109375,-5.859375,0.0
1760485181.722386,-105.46875,214.35546875,-17.08984375,-74.70703125,0.0
1760485181.7262309,38.0859375,237.79296875,-31.25,-2.9296875,0.0
1760485181.7300758,58.10546875,124.51171875,-51.26953125,7.32421875,0.0
1760485181.7345958,-28.80859375,154.296875,-45.41015625,-48.828125,0.0
1760485181.7384412,-1.953125,-17.08984375,-81.0546875,-52.24609375,0.0
1760485181.742287,79.1015625,-104.00390625,-58.10546875,-11.23046875,0.0
1760485181.7461326,12.20703125,19.04296875,-54.6875,7.32421875,0.0
1760485181.749978,-91.30859375,156.25,-40.0390625,-25.87890625,0.0
1760485181.7538238,-106.4453125,37.109375,-71.77734375,-32.71484375,0.0
1760485181.7576694,27.34375,-213.8671875,-68.359375,37.59765625,0.0
1760485181.761515,107.91015625,-508.7890625,-73.2421875,65.91796875,0.0
1760485181.7653606,-6.34765625,-154.78515625,-30.2734375,-47.8515625,0.0
1760485181.7692063,-86.9140625,205.56640625,-38.0859375,-80.078125,0.0
1760485181.7730517,6.8359375,10.7421875,-46.875,-39.55078125,0.0
1760485181.7768974,86.42578125,39.0625,-41.50390625,-16.11328125,0.0
1760485181.7813716,26.85546875,331.54296875,-28.80859375,-22.94921875,0.0
1760485181.7852178,-73.2421875,323.73046875,-35.15625,-33.69140625,0.0
1760485181.789064,-48.33984375,110.3515625,-59.08203125,-23.92578125,0.0
1760485181.79291,52.24609375,95.703125,-31.73828125,2.44140625,0.0
1760485181.7967563,52.734375,214.35546875,-20.01953125,14.16015625,0.0
1760485181.8006024,-26.3671875,190.91796875,-22.94921875,-14.16015625,0.0
1760485181.8044486,-12.20703125,-363.28125,-72.265625,29.296875,0.0
1760485181.8082948,32.71484375,-277.34375,-24.90234375,7.32421875,0.0
1760485181.812141,-5.37109375,537.59765625,-7.8125,-58.10546875,0.0
1760485181.815987,-45.41015625,520.5078125,-30.76171875,-31.25,0.0
1760485181.8198335,-83.49609375,305.6640625,-55.17578125,-37.59765625,0.0
1760485181.8236797,-2.44140625,408.203125,-37.109375,-31.73828125,0.0
1760485181.8280916,55.6640625,554.19921875,-32.71484375,-4.8828125,0.0
1760485181.8319383,17.08984375,396.97265625,-46.38671875,3.41796875,0.0
1760485181.835785,-59.08203125,103.515625,-67.87109375,-22.94921875,0.0
1760485181.8396318,-43.9453125,230.46875,-31.25,-60.05859375,0.0
1760485181.8434784,48.828125,399.4140625,-31.73828125,-9.765625,0.0
1760485181.847325,78.125,102.5390625,-63.96484375,58.59375,0.0
1760485181.8511717,-15.13671875,-331.54296875,-67.3828125,37.109375,0.0
1760485181.8550186,-80.56640625,-65.4296875,-38.57421875,-44.43359375,0.0
1760485181.8588653,23.92578125,235.83984375,-23.92578125,-11.71875,0.0
1760485181.862712,57.6171875,150.390625,-59.08203125,46.875,0.0
1760485181.8665586,-21.484375,182.6171875,-40.0390625,2.44140625,0.0
1760485181.8704052,-85.44921875,369.62890625,-26.3671875,-59.08203125,0.0
1760485181.8751993,-13.18359375,484.375,-10.25390625,-15.625,0.0
1760485181.879047,49.8046875,428.22265625,-46.875,35.64453125,0.0
1760485181.8828943,-17.08984375,360.83984375,-34.66796875,-5.37109375,0.0
1760485181.8867419,-113.28125,452.63671875,-46.38671875,-39.0625,0.0
1760485181.8905895,-63.96484375,479.98046875,-36.62109375,-13.18359375,0.0
1760485181.894437,34.66796875,307.6171875,-41.9921875,34.66796875,0.0
1760485181.8982847,-7.8125,486.81640625,-22.94921875,13.18359375,0.0
1760485181.902132,-134.765625,916.50390625,-9.27734375,-54.6875,0.0
1760485181.9059796,-86.9140625,947.265625,-25.390625,-4.8828125,0.0
1760485181.9098272,24.4140625,759.765625,-30.76171875,68.359375,0.0
1760485181.9136748,-18.06640625,873.046875,-3.90625,6.34765625,0.0
1760485181.9175222,-95.703125,999.0234375,10.25390625,-35.15625,0.0
1760485181.9222398,-76.66015625,954.58984375,-10.25390625,2.9296875,0.0
1760485181.926088,8.30078125,971.19140625,8.30078125,20.5078125,0.0
1760485181.9299364,3.41796875,967.7734375,17.08984375,5.37109375,0.0
1760485181.9337847,-72.265625,967.7734375,37.109375,-21.97265625,0.0
1760485181.937633,-83.0078125,967.7734375,3.90625,-12.20703125,0.0
1760485181.9414814,17.08984375,968.26171875,11.23046875,14.16015625,0.0
1760485181.9453297,56.15234375,964.84375,13.671875,24.4140625,0.0
1760485181.949178,-1.953125,974.609375,26.3671875,1.953125,0.0
1760485181.9530263,-38.0859375,947.265625,-12.20703125,9.765625,0.0
1760485181.9568746,4.8828125,916.50390625,12.6953125,37.109375,0.0
1760485181.960723,13.671875,963.8671875,48.828125,-1.953125,0.0
1760485181.9645712,2.44140625,971.6796875,25.87890625,0.48828125,0.0
1760485181.9692357,-87.40234375,965.33203125,19.53125,-51.7578125,0.0
1760485181.9730847,-93.75,968.26171875,20.01953125,-79.1015625,0.0
1760485181.9769337,-4.8828125,967.7734375,52.24609375,-47.36328125,0.0
1760485181.9807827,15.13671875,967.7734375,62.98828125,-33.203125,0.0
1760485181.9846318,-37.109375,967.7734375,12.6953125,-18.5546875,0.0
1760485181.988481,-65.91796875,965.8203125,-13.18359375,-18.06640625,0.0
1760485181.99233,-2.44140625,968.26171875,29.78515625,-7.32421875,0.0
1760485181.996179,1.46484375,975.5859375,22.4609375,-0.9765625,0.0
1760485182.0000281,-29.296875,887.6953125,16.6015625,14.16015625,0.0
1760485182.0038772,-101.07421875,914.0625,7.32421875,-53.7109375,0.0
1760485182.0077262,-62.5,982.91015625,39.0625,-93.75,0.0
1760485182.0115752,54.19921875,962.40234375,1.953125,-9.27734375,0.0
1760485182.0161676,8.7890625,968.75,16.11328125,-16.6015625,0.0
1760485182.0200174,-99.12109375,966.796875,34.1796875,-62.98828125,0.0
1760485182.0238671,-43.9453125,966.796875,28.80859375,-42.96875,0.0
1760485182.0277166,31.73828125,967.7734375,44.921875,-7.32421875,0.0
1760485182.0315664,13.18359375,969.23828125,39.55078125,-1.953125,0.0
1760485182.0354161,-82.03125,955.078125,22.4609375,-30.2734375,0.0
1760485182.0392659,-103.515625,989.74609375,30.2734375,-40.0390625,0.0
1760485182.0431154,17.08984375,893.5546875,25.390625,33.69140625,0.0
1760485182.0469651,39.55078125,811.03515625,15.13671875,47.8515625,0.0
1760485182.0508149,-88.37890625,965.33203125,60.05859375,-60.05859375,0.0
1760485182.0546646,-106.4453125,976.07421875,24.4140625,-63.4765625,0.0
1760485182.058514,9.765625,950.1953125,22.94921875,0.9765625,0.0
1760485182.0630517,33.69140625,963.8671875,20.01953125,12.20703125,0.0
1760485182.066902,-70.80078125,969.23828125,38.0859375,-41.50390625,0.0
1760485182.0707521,-126.46484375,965.8203125,1.46484375,-59.5703125,0.0
1760485182.0746026,-40.52734375,964.84375,11.71875,-22.94921875,0.0
1760485182.0784528,36.62109375,961.42578125,15.625,21.97265625,0.0
1760485182.082303,-4.39453125,951.171875,32.71484375,-2.9296875,0.0
1760485182.0861533,-96.19140625,999.51171875,8.7890625,-62.01171875,0.0
1760485182.0900035,-7.8125,638.18359375,-28.80859375,3.90625,0.0
1760485182.093854,46.38671875,603.02734375,12.20703125,-1.46484375,0.0
1760485182.0977042,-36.62109375,999.51171875,43.45703125,-83.984375,0.0
1760485182.1015544,-99.609375,923.33984375,6.8359375,-59.08203125,0.0
1760485182.1054046,-94.7265625,869.140625,-11.71875,-45.41015625,0.0
1760485182.1098943,3.41796875,947.75390625,25.390625,-41.015625,0.0
1760485182.1137452,45.8984375,999.51171875,-2.44140625,-12.20703125,0.0
1760485182.117596,-8.30078125,876.953125,-32.71484375,-0.9765625,0.0
1760485182.1214468,-77.63671875,778.3203125,-55.6640625,-18.5546875,0.0
1760485182.1252975,-20.99609375,930.17578125,-7.8125,-18.5546875,0.0
1760485182.1291485,44.921875,983.88671875,-20.5078125,18.5546875,0.0
1760485182.1329992,-12.20703125,815.91796875,-15.13671875,13.671875,0.0
1760485182.13685,-78.125,489.74609375,-48.828125,-2.9296875,0.0
1760485182.1407008,-73.2421875,776.85546875,-9.27734375,-54.19921875,0.0
1760485182.1445518,-9.765625,999.51171875,8.30078125,-45.8984375,0.0
1760485182.1484025,12.6953125,890.13671875,-22.94921875,-17.08984375,0.0
1760485182.1522534,-70.80078125,931.640625,-24.4140625,-58.59375,0.0
